<step title="BackgroundTrace" date="2026-02-14T01:41:41.277" instance="ebc21d" url="/api/zipdeploy" method="POST" >
  <step title="Creating temporary deployment - FetchDeploymentManager" date="2026-02-14T01:41:41.557" /><!-- duration: 11ms -->
  <step title="Creating temporary deployment" date="2026-02-14T01:41:41.573" /><!-- duration: 161ms -->
  <step title="Performing fetch based deployment" date="2026-02-14T01:41:41.871" >
    <step title="Cleaning up temp folders from previous zip deployments and extracting pushed zip file /tmp/zipdeploy/bb98e1be-e09d-4f56-ada0-ca6368bef085.zip (0.85 MB) to /tmp/zipdeploy/extracted" date="2026-02-14T01:41:43.133" >
      <step title="ChmodRecursive Process exited with total time taken in ms: 62" date="2026-02-14T01:41:43.367" /><!-- duration: 6ms -->
    </step><!-- duration: 248ms -->
    <step title="Deployment timer started" date="2026-02-14T01:41:45.408" >
      <step title="DeploymentManager.Deploy(id:72fa0d7f-88dd-4b3b-b39e-9fbfdda7b2cd)" date="2026-02-14T01:41:45.432" >
        <step title="Collecting changeset information" date="2026-02-14T01:41:45.499" /><!-- duration: 418ms -->
        <step title="Updating submodules" date="2026-02-14T01:41:45.933" /><!-- duration: 1187ms -->
        <step title="Determining deployment builder" date="2026-02-14T01:41:47.547" >
          <step title="Builder is OryxBuilder" date="2026-02-14T01:41:47.581" /><!-- duration: 20ms -->
        </step><!-- duration: 82ms -->
        <step title="PreDeployment: context.CleanOutputPath False" date="2026-02-14T01:41:47.722" >
          <step title="PreDeployment: context.OutputPath /home/site/wwwroot" date="2026-02-14T01:41:47.992" >
            <step title="Building" date="2026-02-14T01:41:48.333" >
              <step title="Executing external process" date="2026-02-14T01:41:48.785" type="process" path="bash" arguments="-c &quot;oryx build /tmp/zipdeploy/extracted -o /home/site/wwwroot --platform nodejs --platform-version 24 -p virtualenv_name= --log-file /tmp/build-debug.log  -i /tmp/8de6b6a3796cad7 -p compress_node_modules=tar-gz | tee /tmp/oryx-build.log ; exit $PIPESTATUS &quot;" /><!-- duration: 52119ms -->
              <step title="Using GenericDeploymentLogParser" date="2026-02-14T01:42:41.665" /><!-- duration: 19ms -->
              <step title="Triggering recycle (preview mode disabled)." date="2026-02-14T01:42:44.280" /><!-- duration: 63ms -->
              <step title="Modified file to trigger a restart of the app container." date="2026-02-14T01:42:44.471" /><!-- duration: 12ms -->
              <step title="Skip function trigger and logicapp sync because function is not enabled." date="2026-02-14T01:42:44.511" /><!-- duration: 24ms -->
            </step><!-- duration: 57376ms -->
          </step><!-- duration: 57768ms -->
          <step title="Cleaning up temp files" date="2026-02-14T01:42:45.777" /><!-- duration: 307ms -->
          <step title="Cleaning up temp files" date="2026-02-14T01:42:46.112" /><!-- duration: 558ms -->
          <step title="Reloading status file with latest updates" date="2026-02-14T01:42:46.751" >
            <step title="WebHooksManager.PublishEventAsync: PostDeployment" date="2026-02-14T01:42:46.761" /><!-- duration: 220ms -->
          </step><!-- duration: 238ms -->
          <step title="Cleaning up temporary deployment - fetch deployment was successful" date="2026-02-14T01:42:46.998" /><!-- duration: 3ms -->
        </step><!-- duration: 59345ms -->
      </step><!-- duration: 61705ms -->
