<step title="BackgroundTrace" date="2026-02-14T06:14:00.494" instance="ebc21d" url="/api/publish" method="POST" >
  <step title="Cleanup Xml Logs" date="2026-02-14T06:14:00.502" >
    <step title="Cleanup Infos" date="2026-02-14T06:14:00.526" totalFiles="435" totalCleanup="275" /><!-- duration: 9ms -->
  </step><!-- duration: 37ms -->
  <step title="Creating temporary deployment - FetchDeploymentManager" date="2026-02-14T06:14:00.736" /><!-- duration: 37ms -->
  <step title="Creating temporary deployment" date="2026-02-14T06:14:00.803" /><!-- duration: 123ms -->
  <step title="Performing fetch based deployment" date="2026-02-14T06:14:01.076" >
    <step title="Cleaning up temp folders from previous zip deployments and extracting pushed zip file /tmp/zipdeploy/505f9623-8265-4f9b-85c1-d8fb89940b39.zip (5.72 MB) to /tmp/zipdeploy/extracted" date="2026-02-14T06:14:02.815" >
      <step title="ChmodRecursive Process exited with total time taken in ms: 389" date="2026-02-14T06:14:12.170" /><!-- duration: 80ms -->
    </step><!-- duration: 9594ms -->
    <step title="Deployment timer started" date="2026-02-14T06:14:14.605" >
      <step title="DeploymentManager.Deploy(id:57cb6cde-e967-4c44-899f-2dd897f466ea)" date="2026-02-14T06:14:14.773" >
        <step title="Collecting changeset information" date="2026-02-14T06:14:15.041" /><!-- duration: 644ms -->
        <step title="Updating submodules" date="2026-02-14T06:14:15.775" /><!-- duration: 1755ms -->
        <step title="Determining deployment builder" date="2026-02-14T06:14:18.992" >
          <step title="Builder is OryxBuilder" date="2026-02-14T06:14:19.156" /><!-- duration: 39ms -->
        </step><!-- duration: 233ms -->
        <step title="PreDeployment: context.CleanOutputPath False" date="2026-02-14T06:14:19.516" >
          <step title="PreDeployment: context.OutputPath /home/site/wwwroot" date="2026-02-14T06:14:19.899" >
            <step title="Building" date="2026-02-14T06:14:22.517" >
              <step title="Executing external process" date="2026-02-14T06:14:25.620" type="process" path="bash" arguments="-c &quot;oryx build /tmp/zipdeploy/extracted -o /home/site/wwwroot --platform nodejs --platform-version 24 -p virtualenv_name= --log-file /tmp/build-debug.log  -i /tmp/8de6b9049e7c515 -p compress_node_modules=tar-gz | tee /tmp/oryx-build.log ; exit $PIPESTATUS &quot;" >
                <step title="Cpu: npm install(1141,31.500s)+build.sh(1038,0.080s)+oryx(1010,16.380s)+tee(1011,0.010s)+bash(1009,0.010s)=total(47.910s)" date="2026-02-14T06:16:53.781" /><!-- duration: 106ms -->
                <step title="bash: no io activity for 60s, prev-cpu=-1.000s, current-cpu=47.910s" date="2026-02-14T06:16:53.948" /><!-- duration: 38ms -->
                <step title="Cpu: npm install(1141,59.150s)+build.sh(1038,0.080s)+oryx(1010,16.460s)+tee(1011,0.010s)+bash(1009,0.010s)=total(75.710s)" date="2026-02-14T06:17:54.914" /><!-- duration: 76ms -->
                <step title="bash: no io activity for 123s, prev-cpu=47.910s, current-cpu=75.710s" date="2026-02-14T06:17:55.034" /><!-- duration: 68ms -->
                <step title="Process dump" date="2026-02-14T06:19:01.877" exitCode="1" type="processOutput" /><!-- duration: 79ms -->
              </step><!-- duration: 276438ms -->
              <step title="Error occurred" date="2026-02-14T06:19:03.162" type="error" text="npm warn deprecated next@14.2.5: This version has a security vulnerability. Please upgrade to a patched version. See https://nextjs.org/blog/security-update-2025-12-11 for more details.
 ⚠ You are using a non-standard &quot;NODE_ENV&quot; value in your environment. This creates inconsistencies in the project and is strongly advised against. Read more: https://nextjs.org/docs/messages/non-standard-node-env

&gt; Build error occurred
Error: &gt; Couldn&apos;t find any `pages` or `app` directory. Please create one under the project root
    at findPagesDir (/tmp/8de6b9049e7c515/node_modules/next/dist/lib/find-pages-dir.js:42:15)
    at /tmp/8de6b9049e7c515/node_modules/next/dist/build/index.js:404:73
    at async Span.traceAsyncFn (/tmp/8de6b9049e7c515/node_modules/next/dist/trace/trace.js:154:20)
    at async build (/tmp/8de6b9049e7c515/node_modules/next/dist/build/index.js:366:9)
/bin/bash -c &quot;oryx build /tmp/zipdeploy/extracted -o /home/site/wwwroot --platform nodejs --platform-version 24 -p virtualenv_name= --log-file /tmp/build-debug.log  -i /tmp/8de6b9049e7c515 -p compress_node_modules=tar-gz | tee /tmp/oryx-build.log ; exit $PIPESTATUS &quot;" stackTrace="   at Kudu.Core.Infrastructure.Executable.ExecuteInternal(ITracer tracer, Func`2 onWriteOutput, Func`2 onWriteError, CancellationToken token, Encoding encoding, String arguments, Object[] args) in /tmp/KuduLite/Kudu.Core/Infrastructure/Executable.cs:line 239
   at Kudu.Core.Infrastructure.Executable.ExecuteWithProgressWriter(ILogger logger, ITracer tracer, CancellationToken token, String arguments, Object[] args) in /tmp/KuduLite/Kudu.Core/Infrastructure/Executable.cs:line 118
   at Kudu.Core.Deployment.Generator.ExternalCommandBuilder.RunCommand(DeploymentContext context, String command, Boolean ignoreManifest, CancellationToken token, String message) in /tmp/KuduLite/Kudu.Core/Deployment/Generator/ExternalCommandBuilder.cs:line 135" /><!-- duration: 398ms -->
              <step title="Error occurred" date="2026-02-14T06:19:03.659" type="error" text="npm warn deprecated next@14.2.5: This version has a security vulnerability. Please upgrade to a patched version. See https://nextjs.org/blog/security-update-2025-12-11 for more details.
 ⚠ You are using a non-standard &quot;NODE_ENV&quot; value in your environment. This creates inconsistencies in the project and is strongly advised against. Read more: https://nextjs.org/docs/messages/non-standard-node-env

&gt; Build error occurred
Error: &gt; Couldn&apos;t find any `pages` or `app` directory. Please create one under the project root
    at findPagesDir (/tmp/8de6b9049e7c515/node_modules/next/dist/lib/find-pages-dir.js:42:15)
    at /tmp/8de6b9049e7c515/node_modules/next/dist/build/index.js:404:73
    at async Span.traceAsyncFn (/tmp/8de6b9049e7c515/node_modules/next/dist/trace/trace.js:154:20)
    at async build (/tmp/8de6b9049e7c515/node_modules/next/dist/build/index.js:366:9)
/bin/bash -c &quot;oryx build /tmp/zipdeploy/extracted -o /home/site/wwwroot --platform nodejs --platform-version 24 -p virtualenv_name= --log-file /tmp/build-debug.log  -i /tmp/8de6b9049e7c515 -p compress_node_modules=tar-gz | tee /tmp/oryx-build.log ; exit $PIPESTATUS &quot;" stackTrace="   at Kudu.Core.Infrastructure.Executable.ExecuteInternal(ITracer tracer, Func`2 onWriteOutput, Func`2 onWriteError, CancellationToken token, Encoding encoding, String arguments, Object[] args) in /tmp/KuduLite/Kudu.Core/Infrastructure/Executable.cs:line 239
   at Kudu.Core.Infrastructure.Executable.ExecuteWithProgressWriter(ILogger logger, ITracer tracer, CancellationToken token, String arguments, Object[] args) in /tmp/KuduLite/Kudu.Core/Infrastructure/Executable.cs:line 118
   at Kudu.Core.Deployment.Generator.ExternalCommandBuilder.RunCommand(DeploymentContext context, String command, Boolean ignoreManifest, CancellationToken token, String message) in /tmp/KuduLite/Kudu.Core/Deployment/Generator/ExternalCommandBuilder.cs:line 135
   at Kudu.Core.Deployment.Generator.OryxBuilder.RunBuildCommand(IOryxArguments args, DeploymentContext context, CancellationToken token) in /tmp/KuduLite/Kudu.Core/Deployment/Generator/OryxBuilder.cs:line 295
   at Kudu.Core.Deployment.Generator.OryxBuilder.Build(DeploymentContext context, CancellationToken token) in /tmp/KuduLite/Kudu.Core/Deployment/Generator/OryxBuilder.cs:line 136
   at Kudu.Core.Deployment.DeploymentManager.Build(ChangeSet changeSet, ITracer tracer, IDisposable deployStep, IRepository repository, DeploymentInfoBase deploymentInfo, DeploymentAnalytics deploymentAnalytics, Boolean fullBuildByDefault, CancellationToken cancellationToken) in /tmp/KuduLite/Kudu.Core/Deployment/DeploymentManager.cs:line 771" /><!-- duration: 58ms -->
              <step title="Using GenericDeploymentLogParser" date="2026-02-14T06:19:05.235" /><!-- duration: 31ms -->
            </step><!-- duration: 294447ms -->
          </step><!-- duration: 297334ms -->
          <step title="Error occurred" date="2026-02-14T06:19:17.282" type="error" text="npm warn deprecated next@14.2.5: This version has a security vulnerability. Please upgrade to a patched version. See https://nextjs.org/blog/security-update-2025-12-11 for more details.
 ⚠ You are using a non-standard &quot;NODE_ENV&quot; value in your environment. This creates inconsistencies in the project and is strongly advised against. Read more: https://nextjs.org/docs/messages/non-standard-node-env

&gt; Build error occurred
Error: &gt; Couldn&apos;t find any `pages` or `app` directory. Please create one under the project root
    at findPagesDir (/tmp/8de6b9049e7c515/node_modules/next/dist/lib/find-pages-dir.js:42:15)
    at /tmp/8de6b9049e7c515/node_modules/next/dist/build/index.js:404:73
    at async Span.traceAsyncFn (/tmp/8de6b9049e7c515/node_modules/next/dist/trace/trace.js:154:20)
    at async build (/tmp/8de6b9049e7c515/node_modules/next/dist/build/index.js:366:9)
/bin/bash -c &quot;oryx build /tmp/zipdeploy/extracted -o /home/site/wwwroot --platform nodejs --platform-version 24 -p virtualenv_name= --log-file /tmp/build-debug.log  -i /tmp/8de6b9049e7c515 -p compress_node_modules=tar-gz | tee /tmp/oryx-build.log ; exit $PIPESTATUS &quot;" stackTrace="   at Kudu.Core.Infrastructure.Executable.ExecuteInternal(ITracer tracer, Func`2 onWriteOutput, Func`2 onWriteError, CancellationToken token, Encoding encoding, String arguments, Object[] args) in /tmp/KuduLite/Kudu.Core/Infrastructure/Executable.cs:line 239
   at Kudu.Core.Infrastructure.Executable.ExecuteWithProgressWriter(ILogger logger, ITracer tracer, CancellationToken token, String arguments, Object[] args) in /tmp/KuduLite/Kudu.Core/Infrastructure/Executable.cs:line 118
   at Kudu.Core.Deployment.Generator.ExternalCommandBuilder.RunCommand(DeploymentContext context, String command, Boolean ignoreManifest, CancellationToken token, String message) in /tmp/KuduLite/Kudu.Core/Deployment/Generator/ExternalCommandBuilder.cs:line 135
   at Kudu.Core.Deployment.Generator.OryxBuilder.RunBuildCommand(IOryxArguments args, DeploymentContext context, CancellationToken token) in /tmp/KuduLite/Kudu.Core/Deployment/Generator/OryxBuilder.cs:line 295
   at Kudu.Core.Deployment.Generator.OryxBuilder.Build(DeploymentContext context, CancellationToken token) in /tmp/KuduLite/Kudu.Core/Deployment/Generator/OryxBuilder.cs:line 136
   at Kudu.Core.Deployment.DeploymentManager.Build(ChangeSet changeSet, ITracer tracer, IDisposable deployStep, IRepository repository, DeploymentInfoBase deploymentInfo, DeploymentAnalytics deploymentAnalytics, Boolean fullBuildByDefault, CancellationToken cancellationToken) in /tmp/KuduLite/Kudu.Core/Deployment/DeploymentManager.cs:line 771
   at Kudu.Core.Deployment.DeploymentManager.Build(ChangeSet changeSet, ITracer tracer, IDisposable deployStep, IRepository repository, DeploymentInfoBase deploymentInfo, DeploymentAnalytics deploymentAnalytics, Boolean fullBuildByDefault, CancellationToken cancellationToken) in /tmp/KuduLite/Kudu.Core/Deployment/DeploymentManager.cs:line 840" /><!-- duration: 32ms -->
          <step title="Cleaning up temp files" date="2026-02-14T06:19:19.887" /><!-- duration: 9453ms -->
          <step title="Cleaning up temp files" date="2026-02-14T06:19:29.404" /><!-- duration: 715ms -->
          <step title="Error occurred" date="2026-02-14T06:19:30.552" type="error" text="npm warn deprecated next@14.2.5: This version has a security vulnerability. Please upgrade to a patched version. See https://nextjs.org/blog/security-update-2025-12-11 for more details.
 ⚠ You are using a non-standard &quot;NODE_ENV&quot; value in your environment. This creates inconsistencies in the project and is strongly advised against. Read more: https://nextjs.org/docs/messages/non-standard-node-env

&gt; Build error occurred
Error: &gt; Couldn&apos;t find any `pages` or `app` directory. Please create one under the project root
    at findPagesDir (/tmp/8de6b9049e7c515/node_modules/next/dist/lib/find-pages-dir.js:42:15)
    at /tmp/8de6b9049e7c515/node_modules/next/dist/build/index.js:404:73
    at async Span.traceAsyncFn (/tmp/8de6b9049e7c515/node_modules/next/dist/trace/trace.js:154:20)
    at async build (/tmp/8de6b9049e7c515/node_modules/next/dist/build/index.js:366:9)
/bin/bash -c &quot;oryx build /tmp/zipdeploy/extracted -o /home/site/wwwroot --platform nodejs --platform-version 24 -p virtualenv_name= --log-file /tmp/build-debug.log  -i /tmp/8de6b9049e7c515 -p compress_node_modules=tar-gz | tee /tmp/oryx-build.log ; exit $PIPESTATUS &quot;" stackTrace="   at Kudu.Core.Infrastructure.Executable.ExecuteInternal(ITracer tracer, Func`2 onWriteOutput, Func`2 onWriteError, CancellationToken token, Encoding encoding, String arguments, Object[] args) in /tmp/KuduLite/Kudu.Core/Infrastructure/Executable.cs:line 239
   at Kudu.Core.Infrastructure.Executable.ExecuteWithProgressWriter(ILogger logger, ITracer tracer, CancellationToken token, String arguments, Object[] args) in /tmp/KuduLite/Kudu.Core/Infrastructure/Executable.cs:line 118
   at Kudu.Core.Deployment.Generator.ExternalCommandBuilder.RunCommand(DeploymentContext context, String command, Boolean ignoreManifest, CancellationToken token, String message) in /tmp/KuduLite/Kudu.Core/Deployment/Generator/ExternalCommandBuilder.cs:line 135
   at Kudu.Core.Deployment.Generator.OryxBuilder.RunBuildCommand(IOryxArguments args, DeploymentContext context, CancellationToken token) in /tmp/KuduLite/Kudu.Core/Deployment/Generator/OryxBuilder.cs:line 295
   at Kudu.Core.Deployment.Generator.OryxBuilder.Build(DeploymentContext context, CancellationToken token) in /tmp/KuduLite/Kudu.Core/Deployment/Generator/OryxBuilder.cs:line 136
   at Kudu.Core.Deployment.DeploymentManager.Build(ChangeSet changeSet, ITracer tracer, IDisposable deployStep, IRepository repository, DeploymentInfoBase deploymentInfo, DeploymentAnalytics deploymentAnalytics, Boolean fullBuildByDefault, CancellationToken cancellationToken) in /tmp/KuduLite/Kudu.Core/Deployment/DeploymentManager.cs:line 771
   at Kudu.Core.Deployment.DeploymentManager.Build(ChangeSet changeSet, ITracer tracer, IDisposable deployStep, IRepository repository, DeploymentInfoBase deploymentInfo, DeploymentAnalytics deploymentAnalytics, Boolean fullBuildByDefault, CancellationToken cancellationToken) in /tmp/KuduLite/Kudu.Core/Deployment/DeploymentManager.cs:line 840
   at Kudu.Core.Deployment.DeploymentManager.DeployAsync(IRepository repository, ChangeSet changeSet, String deployer, Boolean clean, DeploymentInfoBase deploymentInfo, Boolean needFileUpdate, Boolean fullBuildByDefault) in /tmp/KuduLite/Kudu.Core/Deployment/DeploymentManager.cs:line 266" /><!-- duration: 53ms -->
        </step><!-- duration: 311237ms -->
        <step title="Reloading status file with latest updates" date="2026-02-14T06:19:31.240" >
          <step title="WebHooksManager.PublishEventAsync: PostDeployment" date="2026-02-14T06:19:31.438" /><!-- duration: 501ms -->
        </step><!-- duration: 719ms -->
        <step title="Error occurred" date="2026-02-14T06:19:31.972" type="error" text="npm warn deprecated next@14.2.5: This version has a security vulnerability. Please upgrade to a patched version. See https://nextjs.org/blog/security-update-2025-12-11 for more details.
 ⚠ You are using a non-standard &quot;NODE_ENV&quot; value in your environment. This creates inconsistencies in the project and is strongly advised against. Read more: https://nextjs.org/docs/messages/non-standard-node-env

&gt; Build error occurred
Error: &gt; Couldn&apos;t find any `pages` or `app` directory. Please create one under the project root
    at findPagesDir (/tmp/8de6b9049e7c515/node_modules/next/dist/lib/find-pages-dir.js:42:15)
    at /tmp/8de6b9049e7c515/node_modules/next/dist/build/index.js:404:73
    at async Span.traceAsyncFn (/tmp/8de6b9049e7c515/node_modules/next/dist/trace/trace.js:154:20)
    at async build (/tmp/8de6b9049e7c515/node_modules/next/dist/build/index.js:366:9)
/bin/bash -c &quot;oryx build /tmp/zipdeploy/extracted -o /home/site/wwwroot --platform nodejs --platform-version 24 -p virtualenv_name= --log-file /tmp/build-debug.log  -i /tmp/8de6b9049e7c515 -p compress_node_modules=tar-gz | tee /tmp/oryx-build.log ; exit $PIPESTATUS &quot;" stackTrace="   at Kudu.Core.Infrastructure.Executable.ExecuteInternal(ITracer tracer, Func`2 onWriteOutput, Func`2 onWriteError, CancellationToken token, Encoding encoding, String arguments, Object[] args) in /tmp/KuduLite/Kudu.Core/Infrastructure/Executable.cs:line 239
   at Kudu.Core.Infrastructure.Executable.ExecuteWithProgressWriter(ILogger logger, ITracer tracer, CancellationToken token, String arguments, Object[] args) in /tmp/KuduLite/Kudu.Core/Infrastructure/Executable.cs:line 118
   at Kudu.Core.Deployment.Generator.ExternalCommandBuilder.RunCommand(DeploymentContext context, String command, Boolean ignoreManifest, CancellationToken token, String message) in /tmp/KuduLite/Kudu.Core/Deployment/Generator/ExternalCommandBuilder.cs:line 135
   at Kudu.Core.Deployment.Generator.OryxBuilder.RunBuildCommand(IOryxArguments args, DeploymentContext context, CancellationToken token) in /tmp/KuduLite/Kudu.Core/Deployment/Generator/OryxBuilder.cs:line 295
   at Kudu.Core.Deployment.Generator.OryxBuilder.Build(DeploymentContext context, CancellationToken token) in /tmp/KuduLite/Kudu.Core/Deployment/Generator/OryxBuilder.cs:line 136
   at Kudu.Core.Deployment.DeploymentManager.Build(ChangeSet changeSet, ITracer tracer, IDisposable deployStep, IRepository repository, DeploymentInfoBase deploymentInfo, DeploymentAnalytics deploymentAnalytics, Boolean fullBuildByDefault, CancellationToken cancellationToken) in /tmp/KuduLite/Kudu.Core/Deployment/DeploymentManager.cs:line 771
   at Kudu.Core.Deployment.DeploymentManager.Build(ChangeSet changeSet, ITracer tracer, IDisposable deployStep, IRepository repository, DeploymentInfoBase deploymentInfo, DeploymentAnalytics deploymentAnalytics, Boolean fullBuildByDefault, CancellationToken cancellationToken) in /tmp/KuduLite/Kudu.Core/Deployment/DeploymentManager.cs:line 840
   at Kudu.Core.Deployment.DeploymentManager.DeployAsync(IRepository repository, ChangeSet changeSet, String deployer, Boolean clean, DeploymentInfoBase deploymentInfo, Boolean needFileUpdate, Boolean fullBuildByDefault) in /tmp/KuduLite/Kudu.Core/Deployment/DeploymentManager.cs:line 266" /><!-- duration: 10ms -->
        <step title="Marking deployment as failed and cleaning up the temp deployment" date="2026-02-14T06:19:32.170" /><!-- duration: 43ms -->
      </step><!-- duration: 318351ms -->
      <step title="Error occurred" date="2026-02-14T06:19:33.546" type="error" text="One or more errors occurred. (Deployment failed)" stackTrace="   at System.Threading.Tasks.Task.Wait(Int32 millisecondsTimeout, CancellationToken cancellationToken)
   at System.Threading.Tasks.Task.Wait()
   at Kudu.Core.Deployment.FetchDeploymentManager.&lt;&gt;c__DisplayClass22_1.&lt;PerformBackgroundDeployment&gt;b__3() in /tmp/KuduLite/Kudu.Core/Deployment/FetchDeploymentManager.cs:line 414
   at Kudu.Contracts.Infrastructure.LockExtensions.TryLockOperation(IOperationLock lockObj, Action operation, String operationName, TimeSpan timeout) in /tmp/KuduLite/Kudu.Contracts/Infrastructure/LockExtensions.cs:line 34
   at Kudu.Contracts.Infrastructure.LockExtensions.LockOperation(IOperationLock lockObj, Action operation, String operationName, TimeSpan timeout) in /tmp/KuduLite/Kudu.Contracts/Infrastructure/LockExtensions.cs:line 46
   at Kudu.Core.Deployment.FetchDeploymentManager.&lt;&gt;c__DisplayClass22_0.&lt;PerformBackgroundDeployment&gt;b__1() in /tmp/KuduLite/Kudu.Core/Deployment/FetchDeploymentManager.cs:line 393" innerText="Deployment failed" innerStackTrace="   at Kudu.Core.Deployment.DeploymentManager.DeployAsync(IRepository repository, ChangeSet changeSet, String deployer, Boolean clean, DeploymentInfoBase deploymentInfo, Boolean needFileUpdate, Boolean fullBuildByDefault) in /tmp/KuduLite/Kudu.Core/Deployment/DeploymentManager.cs:line 307
   at Kudu.Core.Deployment.FetchDeploymentManager.PerformDeployment(DeploymentInfoBase deploymentInfo, IDisposable tempDeployment, ChangeSet tempChangeSet, DeployStatusApiResult updateStatusObj) in /tmp/KuduLite/Kudu.Core/Deployment/FetchDeploymentManager.cs:line 230" /><!-- duration: 11ms -->
    </step><!-- duration: 318990ms -->
