<step title="Incoming Request" date="2026-02-14T06:15:05.904" instance="ebc21d" url="/api/deployments/latest?deployer=OneDeploy&amp;time=2026-02-14_06-14-00Z" method="GET" type="request" pid="851,1,24" Host="options-scanner-frontend-2exk6s.scm.azurewebsites.net" User-Agent="GITHUBACTIONS_DeployWebAppToAzure_fd9702ea3fe8155ad4a84186b65084bf29dffc105b3f2e4ac42e85d74547d18a" Authorization="Bea..." Content-Type="application/json; charset=utf-8" Cookie="ARRAffinity=ebc21dc3cf1bb718ed806f140e1147d405a92227736ffcd0c2c35e5d76b84dc6;Path=/;HttpOnly;Secure;Domain=options-scanner-frontend-2exk6s.scm.azurewebsites.net; ARRAffinitySameSite=ebc21dc3cf1bb718ed806f140e1147d405a92227736ffcd0c2c35e5d76b84dc6;Path=/;HttpOnly;SameSite=None;Secure;Domain=options-scanner-frontend-2exk6s.scm.azurewebsites.net" Content-Length="0" X-ARR-LOG-ID="7af9d611-b121-441b-9c16-8b63382a9d6b" CLIENT-IP="20.81.158.145:40969" X-SITE-DEPLOYMENT-ID="options-scanner-frontend-2exk6s" WAS-DEFAULT-HOSTNAME="options-scanner-frontend-2exk6s.scm.azurewebsites.net" X-Forwarded-Proto="https" X-AppService-Proto="https" X-Forwarded-TlsVersion="1.3" X-WAWS-Unencoded-URL="/api/deployments/latest?deployer=OneDeploy&amp;time=2026-02-14_06-14-00Z" X-Client-IP="20.81.158.145" X-Client-Port="40969" >
  <step title="Cleanup Xml Logs" date="2026-02-14T06:15:05.936" >
    <step title="Cleanup Infos" date="2026-02-14T06:15:06.156" totalFiles="443" totalCleanup="283" /><!-- duration: 378ms -->
  </step><!-- duration: 775ms -->
  <step title="DeploymentService.GetResult" date="2026-02-14T06:15:07.211" >
    <step title="DeploymentService.GetLatestDeployment" date="2026-02-14T06:15:07.572" >
      <step title="DeploymentManager.GetResults" date="2026-02-14T06:15:07.831" /><!-- duration: 2698ms -->
    </step><!-- duration: 3008ms -->
  </step><!-- duration: 3396ms -->
  <step title="Outgoing response" date="2026-02-14T06:15:10.630" type="response" statusCode="202" statusText="Accepted" /><!-- duration: 36ms -->
</step><!-- duration: 4782ms -->
