<step title="Incoming Request" date="2026-02-14T06:00:51.735" instance="ebc21d" url="/api/deployments/latest?deployer=OneDeploy&amp;time=2026-02-14_05-55-38Z" method="GET" type="request" pid="852,1,68" Host="options-scanner-frontend-2exk6s.scm.azurewebsites.net" User-Agent="GITHUBACTIONS_DeployWebAppToAzure_fd9702ea3fe8155ad4a84186b65084bf29dffc105b3f2e4ac42e85d74547d18a" Authorization="Bea..." Content-Type="application/json; charset=utf-8" Cookie="ARRAffinity=ebc21dc3cf1bb718ed806f140e1147d405a92227736ffcd0c2c35e5d76b84dc6;Path=/;HttpOnly;Secure;Domain=options-scanner-frontend-2exk6s.scm.azurewebsites.net; ARRAffinitySameSite=ebc21dc3cf1bb718ed806f140e1147d405a92227736ffcd0c2c35e5d76b84dc6;Path=/;HttpOnly;SameSite=None;Secure;Domain=options-scanner-frontend-2exk6s.scm.azurewebsites.net" Content-Length="0" X-ARR-LOG-ID="da01795a-cccf-4328-8872-f564b81a2f2f" CLIENT-IP="20.98.23.161:16392" X-SITE-DEPLOYMENT-ID="options-scanner-frontend-2exk6s" WAS-DEFAULT-HOSTNAME="options-scanner-frontend-2exk6s.scm.azurewebsites.net" X-Forwarded-Proto="https" X-AppService-Proto="https" X-Forwarded-TlsVersion="1.3" X-WAWS-Unencoded-URL="/api/deployments/latest?deployer=OneDeploy&amp;time=2026-02-14_05-55-38Z" X-Client-IP="20.98.23.161" X-Client-Port="16392" >
  <step title="Cleanup Xml Logs" date="2026-02-14T06:00:51.796" >
    <step title="Cleanup Infos" date="2026-02-14T06:00:51.979" totalFiles="382" totalCleanup="222" /><!-- duration: 118ms -->
  </step><!-- duration: 341ms -->
  <step title="DeploymentService.GetResult" date="2026-02-14T06:00:52.510" >
    <step title="DeploymentService.GetLatestDeployment" date="2026-02-14T06:00:52.608" >
      <step title="DeploymentManager.GetResults" date="2026-02-14T06:00:52.706" /><!-- duration: 2267ms -->
    </step><!-- duration: 2455ms -->
  </step><!-- duration: 2594ms -->
  <step title="Outgoing response" date="2026-02-14T06:00:55.153" type="response" statusCode="202" statusText="Accepted" /><!-- duration: 40ms -->
</step><!-- duration: 3536ms -->
