<step title="Incoming Request" date="2026-02-14T04:06:42.846" instance="ebc21d" url="/api/deployments/latest?deployer=OneDeploy&amp;time=2026-02-14_04-00-42Z" method="GET" type="request" pid="853,1,5" Host="options-scanner-frontend-2exk6s.scm.azurewebsites.net" User-Agent="GITHUBACTIONS_DeployWebAppToAzure_fd9702ea3fe8155ad4a84186b65084bf29dffc105b3f2e4ac42e85d74547d18a" Authorization="Bea..." Content-Type="application/json; charset=utf-8" Cookie="ARRAffinity=ebc21dc3cf1bb718ed806f140e1147d405a92227736ffcd0c2c35e5d76b84dc6;Path=/;HttpOnly;Secure;Domain=options-scanner-frontend-2exk6s.scm.azurewebsites.net; ARRAffinitySameSite=ebc21dc3cf1bb718ed806f140e1147d405a92227736ffcd0c2c35e5d76b84dc6;Path=/;HttpOnly;SameSite=None;Secure;Domain=options-scanner-frontend-2exk6s.scm.azurewebsites.net" Content-Length="0" X-ARR-LOG-ID="42ed6ae7-62ce-432b-9c0f-ac50fdc50039" CLIENT-IP="172.184.175.148:60418" X-SITE-DEPLOYMENT-ID="options-scanner-frontend-2exk6s" WAS-DEFAULT-HOSTNAME="options-scanner-frontend-2exk6s.scm.azurewebsites.net" X-Forwarded-Proto="https" X-AppService-Proto="https" X-Forwarded-TlsVersion="1.3" X-WAWS-Unencoded-URL="/api/deployments/latest?deployer=OneDeploy&amp;time=2026-02-14_04-00-42Z" X-Client-IP="172.184.175.148" X-Client-Port="60418" >
  <step title="Cleanup Xml Logs" date="2026-02-14T04:06:42.856" >
    <step title="Cleanup Infos" date="2026-02-14T04:06:42.886" totalFiles="245" totalCleanup="85" /><!-- duration: 16ms -->
  </step><!-- duration: 50ms -->
  <step title="DeploymentService.GetResult" date="2026-02-14T04:06:42.927" >
    <step title="DeploymentService.GetLatestDeployment" date="2026-02-14T04:06:42.937" >
      <step title="DeploymentManager.GetResults" date="2026-02-14T04:06:42.947" /><!-- duration: 676ms -->
    </step><!-- duration: 698ms -->
  </step><!-- duration: 717ms -->
  <step title="Outgoing response" date="2026-02-14T04:06:43.694" type="response" statusCode="202" statusText="Accepted" /><!-- duration: 40ms -->
</step><!-- duration: 898ms -->
