<step title="Incoming Request" date="2026-02-14T04:26:29.915" instance="ebc21d" url="/api/deployments/latest?deployer=OneDeploy&amp;time=2026-02-14_04-21-08Z" method="GET" type="request" pid="852,1,17" Host="options-scanner-frontend-2exk6s.scm.azurewebsites.net" User-Agent="GITHUBACTIONS_DeployWebAppToAzure_fd9702ea3fe8155ad4a84186b65084bf29dffc105b3f2e4ac42e85d74547d18a" Authorization="Bea..." Content-Type="application/json; charset=utf-8" Cookie="ARRAffinity=ebc21dc3cf1bb718ed806f140e1147d405a92227736ffcd0c2c35e5d76b84dc6;Path=/;HttpOnly;Secure;Domain=options-scanner-frontend-2exk6s.scm.azurewebsites.net; ARRAffinitySameSite=ebc21dc3cf1bb718ed806f140e1147d405a92227736ffcd0c2c35e5d76b84dc6;Path=/;HttpOnly;SameSite=None;Secure;Domain=options-scanner-frontend-2exk6s.scm.azurewebsites.net" Content-Length="0" X-ARR-LOG-ID="e1491833-2401-46d5-8d33-5a769855c976" CLIENT-IP="172.214.44.50:58384" X-SITE-DEPLOYMENT-ID="options-scanner-frontend-2exk6s" WAS-DEFAULT-HOSTNAME="options-scanner-frontend-2exk6s.scm.azurewebsites.net" X-Forwarded-Proto="https" X-AppService-Proto="https" X-Forwarded-TlsVersion="1.3" X-WAWS-Unencoded-URL="/api/deployments/latest?deployer=OneDeploy&amp;time=2026-02-14_04-21-08Z" X-Client-IP="172.214.44.50" X-Client-Port="58384" >
  <step title="Cleanup Xml Logs" date="2026-02-14T04:26:29.928" >
    <step title="Cleanup Infos" date="2026-02-14T04:26:29.940" totalFiles="313" totalCleanup="153" /><!-- duration: 17ms -->
  </step><!-- duration: 49ms -->
  <step title="DeploymentService.GetResult" date="2026-02-14T04:26:30.106" >
    <step title="DeploymentService.GetLatestDeployment" date="2026-02-14T04:26:30.115" >
      <step title="DeploymentManager.GetResults" date="2026-02-14T04:26:30.128" /><!-- duration: 1089ms -->
    </step><!-- duration: 1141ms -->
  </step><!-- duration: 1161ms -->
  <step title="Outgoing response" date="2026-02-14T04:26:31.298" type="response" statusCode="202" statusText="Accepted" /><!-- duration: 21ms -->
</step><!-- duration: 1413ms -->
