<step title="Incoming Request" date="2026-02-14T02:17:20.414" instance="ebc21d" url="/api/zipdeploy?isAsync=true" method="POST" type="request" pid="859,1,57" Accept="*/*" Host="options-scanner-frontend-2exk6s.scm.azurewebsites.net" User-Agent="AZURECLI/2.83.0 (MSI)" Accept-Encoding="gzip, deflate" Authorization="Bea..." Cache-Control="no-cache" Content-Type="application/octet-stream" Content-Length="887363" x-ms-client-request-id="47ba383f-094b-11f1-ad77-84b1e26ffc70" x-ms-artifact-checksum="dcaa4951346ec09c10bc1d59272114259158fb3b63907cfb54752d0631893414" X-ARR-LOG-ID="47ba383f-094b-11f1-ad77-84b1e26ffc70" CLIENT-IP="50.47.242.5:53497" X-SITE-DEPLOYMENT-ID="options-scanner-frontend-2exk6s" WAS-DEFAULT-HOSTNAME="options-scanner-frontend-2exk6s.scm.azurewebsites.net" X-Forwarded-Proto="https" X-AppService-Proto="https" X-Forwarded-TlsVersion="1.3" X-WAWS-Unencoded-URL="/api/zipdeploy?isAsync=true" X-Client-IP="50.47.242.5" X-Client-Port="53497" >
  <step title="Cleanup Xml Logs" date="2026-02-14T02:17:20.425" /><!-- duration: 30ms -->
  <step title="ZipPushDeploy" date="2026-02-14T02:17:20.622" >
    <step title="ZipDeploy. Extract zip. Remote build." date="2026-02-14T02:17:20.658" /><!-- duration: 4ms -->
    <step title="Starting PushDeployAsync" date="2026-02-14T02:17:20.669" /><!-- duration: 3ms -->
    <step title="Removing sub node_modules symlink" date="2026-02-14T02:17:20.698" >
      <step title="Writing artifact to /tmp/zipdeploy/5b633a2e-46c6-4f06-84e2-abf8d602fd59.zip" date="2026-02-14T02:17:20.852" >
        <step title="Writing multipart request body to /tmp/zipdeploy/5b633a2e-46c6-4f06-84e2-abf8d602fd59.zip" date="2026-02-14T02:17:20.864" /><!-- duration: 31ms -->
      </step><!-- duration: 181ms -->
      <step title="Removing previous build artifact&apos;s manifest file" date="2026-02-14T02:17:21.092" >
        <step title="Start deployment in the background" date="2026-02-14T02:17:21.190" >
          <step title="Acquiring Deployment Lock" date="2026-02-14T02:17:21.410" /><!-- duration: 150ms -->
          <step title="Acquired Deployment Lock" date="2026-02-14T02:17:21.772" /><!-- duration: 71ms -->
        </step><!-- duration: 853ms -->
      </step><!-- duration: 995ms -->
      <step title="Outgoing response" date="2026-02-14T02:17:22.119" type="response" statusCode="202" statusText="Accepted" /><!-- duration: 10ms -->
    </step><!-- duration: 1449ms -->
