<step title="Incoming Request" date="2026-02-14T04:08:01.610" instance="ebc21d" url="/api/deployments/latest?deployer=OneDeploy&amp;time=2026-02-14_04-00-42Z" method="GET" type="request" pid="853,1,23" Host="options-scanner-frontend-2exk6s.scm.azurewebsites.net" User-Agent="GITHUBACTIONS_DeployWebAppToAzure_fd9702ea3fe8155ad4a84186b65084bf29dffc105b3f2e4ac42e85d74547d18a" Authorization="Bea..." Content-Type="application/json; charset=utf-8" Cookie="ARRAffinity=ebc21dc3cf1bb718ed806f140e1147d405a92227736ffcd0c2c35e5d76b84dc6;Path=/;HttpOnly;Secure;Domain=options-scanner-frontend-2exk6s.scm.azurewebsites.net; ARRAffinitySameSite=ebc21dc3cf1bb718ed806f140e1147d405a92227736ffcd0c2c35e5d76b84dc6;Path=/;HttpOnly;SameSite=None;Secure;Domain=options-scanner-frontend-2exk6s.scm.azurewebsites.net" Content-Length="0" X-ARR-LOG-ID="931a4203-11a1-49b9-adc1-e75db4c94ba0" CLIENT-IP="172.184.175.148:60416" X-SITE-DEPLOYMENT-ID="options-scanner-frontend-2exk6s" WAS-DEFAULT-HOSTNAME="options-scanner-frontend-2exk6s.scm.azurewebsites.net" X-Forwarded-Proto="https" X-AppService-Proto="https" X-Forwarded-TlsVersion="1.3" X-WAWS-Unencoded-URL="/api/deployments/latest?deployer=OneDeploy&amp;time=2026-02-14_04-00-42Z" X-Client-IP="172.184.175.148" X-Client-Port="60416" >
  <step title="Cleanup Xml Logs" date="2026-02-14T04:08:01.619" >
    <step title="Cleanup Infos" date="2026-02-14T04:08:01.652" totalFiles="257" totalCleanup="97" /><!-- duration: 58ms -->
  </step><!-- duration: 112ms -->
  <step title="DeploymentService.GetResult" date="2026-02-14T04:08:01.757" >
    <step title="DeploymentService.GetLatestDeployment" date="2026-02-14T04:08:01.769" >
      <step title="DeploymentManager.GetResults" date="2026-02-14T04:08:01.777" /><!-- duration: 1002ms -->
    </step><!-- duration: 1051ms -->
  </step><!-- duration: 1089ms -->
  <step title="Outgoing response" date="2026-02-14T04:08:02.857" type="response" statusCode="202" statusText="Accepted" /><!-- duration: 12ms -->
</step><!-- duration: 1276ms -->
