<step title="Incoming Request" date="2026-02-14T06:04:06.795" instance="ebc21d" url="/api/deployments/latest?deployer=OneDeploy&amp;time=2026-02-14_05-55-38Z" method="GET" type="request" pid="852,1,66" Host="options-scanner-frontend-2exk6s.scm.azurewebsites.net" User-Agent="GITHUBACTIONS_DeployWebAppToAzure_fd9702ea3fe8155ad4a84186b65084bf29dffc105b3f2e4ac42e85d74547d18a" Authorization="Bea..." Content-Type="application/json; charset=utf-8" Cookie="ARRAffinity=ebc21dc3cf1bb718ed806f140e1147d405a92227736ffcd0c2c35e5d76b84dc6;Path=/;HttpOnly;Secure;Domain=options-scanner-frontend-2exk6s.scm.azurewebsites.net; ARRAffinitySameSite=ebc21dc3cf1bb718ed806f140e1147d405a92227736ffcd0c2c35e5d76b84dc6;Path=/;HttpOnly;SameSite=None;Secure;Domain=options-scanner-frontend-2exk6s.scm.azurewebsites.net" Content-Length="0" X-ARR-LOG-ID="ef459625-b972-4573-ba08-e7d3524b4ea0" CLIENT-IP="20.98.23.161:16394" X-SITE-DEPLOYMENT-ID="options-scanner-frontend-2exk6s" WAS-DEFAULT-HOSTNAME="options-scanner-frontend-2exk6s.scm.azurewebsites.net" X-Forwarded-Proto="https" X-AppService-Proto="https" X-Forwarded-TlsVersion="1.3" X-WAWS-Unencoded-URL="/api/deployments/latest?deployer=OneDeploy&amp;time=2026-02-14_05-55-38Z" X-Client-IP="20.98.23.161" X-Client-Port="16394" >
  <step title="Cleanup Xml Logs" date="2026-02-14T06:04:06.801" >
    <step title="Cleanup Infos" date="2026-02-14T06:04:06.824" totalFiles="411" totalCleanup="251" /><!-- duration: 7ms -->
  </step><!-- duration: 34ms -->
  <step title="DeploymentService.GetResult" date="2026-02-14T06:04:06.843" >
    <step title="DeploymentService.GetLatestDeployment" date="2026-02-14T06:04:06.846" >
      <step title="DeploymentManager.GetResults" date="2026-02-14T06:04:06.850" /><!-- duration: 546ms -->
    </step><!-- duration: 555ms -->
  </step><!-- duration: 561ms -->
  <step title="Outgoing response" date="2026-02-14T06:04:07.407" type="response" statusCode="202" statusText="Accepted" /><!-- duration: 6ms -->
</step><!-- duration: 621ms -->
