<step title="Incoming Request" date="2026-02-14T04:26:49.324" instance="ebc21d" url="/api/deployments/latest?deployer=OneDeploy&amp;time=2026-02-14_04-21-08Z" method="GET" type="request" pid="852,1,19" Host="options-scanner-frontend-2exk6s.scm.azurewebsites.net" User-Agent="GITHUBACTIONS_DeployWebAppToAzure_fd9702ea3fe8155ad4a84186b65084bf29dffc105b3f2e4ac42e85d74547d18a" Authorization="Bea..." Content-Type="application/json; charset=utf-8" Cookie="ARRAffinity=ebc21dc3cf1bb718ed806f140e1147d405a92227736ffcd0c2c35e5d76b84dc6;Path=/;HttpOnly;Secure;Domain=options-scanner-frontend-2exk6s.scm.azurewebsites.net; ARRAffinitySameSite=ebc21dc3cf1bb718ed806f140e1147d405a92227736ffcd0c2c35e5d76b84dc6;Path=/;HttpOnly;SameSite=None;Secure;Domain=options-scanner-frontend-2exk6s.scm.azurewebsites.net" Content-Length="0" X-ARR-LOG-ID="3c0a4639-5477-4ba4-9e02-3134bb92d6e7" CLIENT-IP="172.214.44.50:58386" X-SITE-DEPLOYMENT-ID="options-scanner-frontend-2exk6s" WAS-DEFAULT-HOSTNAME="options-scanner-frontend-2exk6s.scm.azurewebsites.net" X-Forwarded-Proto="https" X-AppService-Proto="https" X-Forwarded-TlsVersion="1.3" X-WAWS-Unencoded-URL="/api/deployments/latest?deployer=OneDeploy&amp;time=2026-02-14_04-21-08Z" X-Client-IP="172.214.44.50" X-Client-Port="58386" >
  <step title="Cleanup Xml Logs" date="2026-02-14T04:26:49.332" >
    <step title="Cleanup Infos" date="2026-02-14T04:26:49.372" totalFiles="316" totalCleanup="156" /><!-- duration: 28ms -->
  </step><!-- duration: 71ms -->
  <step title="DeploymentService.GetResult" date="2026-02-14T04:26:49.425" >
    <step title="DeploymentService.GetLatestDeployment" date="2026-02-14T04:26:49.441" >
      <step title="DeploymentManager.GetResults" date="2026-02-14T04:26:49.448" /><!-- duration: 528ms -->
    </step><!-- duration: 544ms -->
  </step><!-- duration: 562ms -->
  <step title="Outgoing response" date="2026-02-14T04:26:49.992" type="response" statusCode="202" statusText="Accepted" /><!-- duration: 4ms -->
</step><!-- duration: 679ms -->
