<step title="Incoming Request" date="2026-02-14T06:18:14.587" instance="ebc21d" url="/api/deployments/latest?deployer=OneDeploy&amp;time=2026-02-14_06-14-00Z" method="GET" type="request" pid="851,1,24" Host="options-scanner-frontend-2exk6s.scm.azurewebsites.net" User-Agent="GITHUBACTIONS_DeployWebAppToAzure_fd9702ea3fe8155ad4a84186b65084bf29dffc105b3f2e4ac42e85d74547d18a" Authorization="Bea..." Content-Type="application/json; charset=utf-8" Cookie="ARRAffinity=ebc21dc3cf1bb718ed806f140e1147d405a92227736ffcd0c2c35e5d76b84dc6;Path=/;HttpOnly;Secure;Domain=options-scanner-frontend-2exk6s.scm.azurewebsites.net; ARRAffinitySameSite=ebc21dc3cf1bb718ed806f140e1147d405a92227736ffcd0c2c35e5d76b84dc6;Path=/;HttpOnly;SameSite=None;Secure;Domain=options-scanner-frontend-2exk6s.scm.azurewebsites.net" Content-Length="0" X-ARR-LOG-ID="b6d72b1c-d83c-4722-86ff-a0f248c68b82" CLIENT-IP="20.81.158.145:40968" X-SITE-DEPLOYMENT-ID="options-scanner-frontend-2exk6s" WAS-DEFAULT-HOSTNAME="options-scanner-frontend-2exk6s.scm.azurewebsites.net" X-Forwarded-Proto="https" X-AppService-Proto="https" X-Forwarded-TlsVersion="1.3" X-WAWS-Unencoded-URL="/api/deployments/latest?deployer=OneDeploy&amp;time=2026-02-14_06-14-00Z" X-Client-IP="20.81.158.145" X-Client-Port="40968" >
  <step title="Cleanup Xml Logs" date="2026-02-14T06:18:14.630" >
    <step title="Cleanup Infos" date="2026-02-14T06:18:15.042" totalFiles="466" totalCleanup="306" /><!-- duration: 56ms -->
  </step><!-- duration: 515ms -->
  <step title="DeploymentService.GetResult" date="2026-02-14T06:18:15.479" >
    <step title="DeploymentService.GetLatestDeployment" date="2026-02-14T06:18:15.555" >
      <step title="DeploymentManager.GetResults" date="2026-02-14T06:18:15.594" /><!-- duration: 2497ms -->
    </step><!-- duration: 2576ms -->
  </step><!-- duration: 2702ms -->
  <step title="Outgoing response" date="2026-02-14T06:18:18.561" type="response" statusCode="202" statusText="Accepted" /><!-- duration: 69ms -->
</step><!-- duration: 4084ms -->
