<step title="Incoming Request" date="2026-02-14T06:05:51.353" instance="ebc21d" url="/api/deployments/latest?deployer=OneDeploy&amp;time=2026-02-14_05-55-38Z" method="GET" type="request" pid="852,1,68" Host="options-scanner-frontend-2exk6s.scm.azurewebsites.net" User-Agent="GITHUBACTIONS_DeployWebAppToAzure_fd9702ea3fe8155ad4a84186b65084bf29dffc105b3f2e4ac42e85d74547d18a" Authorization="Bea..." Content-Type="application/json; charset=utf-8" Cookie="ARRAffinity=ebc21dc3cf1bb718ed806f140e1147d405a92227736ffcd0c2c35e5d76b84dc6;Path=/;HttpOnly;Secure;Domain=options-scanner-frontend-2exk6s.scm.azurewebsites.net; ARRAffinitySameSite=ebc21dc3cf1bb718ed806f140e1147d405a92227736ffcd0c2c35e5d76b84dc6;Path=/;HttpOnly;SameSite=None;Secure;Domain=options-scanner-frontend-2exk6s.scm.azurewebsites.net" Content-Length="0" X-ARR-LOG-ID="59bd388a-96e3-4d2c-8d42-9e8ad5a9e298" CLIENT-IP="20.98.23.161:16392" X-SITE-DEPLOYMENT-ID="options-scanner-frontend-2exk6s" WAS-DEFAULT-HOSTNAME="options-scanner-frontend-2exk6s.scm.azurewebsites.net" X-Forwarded-Proto="https" X-AppService-Proto="https" X-Forwarded-TlsVersion="1.3" X-WAWS-Unencoded-URL="/api/deployments/latest?deployer=OneDeploy&amp;time=2026-02-14_05-55-38Z" X-Client-IP="20.98.23.161" X-Client-Port="16392" >
  <step title="Cleanup Xml Logs" date="2026-02-14T06:05:51.357" >
    <step title="Cleanup Infos" date="2026-02-14T06:05:51.378" totalFiles="428" totalCleanup="268" /><!-- duration: 8ms -->
  </step><!-- duration: 35ms -->
  <step title="DeploymentService.GetResult" date="2026-02-14T06:05:51.409" >
    <step title="DeploymentService.GetLatestDeployment" date="2026-02-14T06:05:51.413" >
      <step title="DeploymentManager.GetResults" date="2026-02-14T06:05:51.417" /><!-- duration: 410ms -->
    </step><!-- duration: 419ms -->
  </step><!-- duration: 427ms -->
  <step title="Outgoing response" date="2026-02-14T06:05:51.842" type="response" statusCode="202" statusText="Accepted" /><!-- duration: 9ms -->
</step><!-- duration: 501ms -->
