<step title="Incoming Request" date="2026-02-14T04:23:33.668" instance="ebc21d" url="/api/deployments/latest?deployer=OneDeploy&amp;time=2026-02-14_04-21-08Z" method="GET" type="request" pid="852,1,28" Host="options-scanner-frontend-2exk6s.scm.azurewebsites.net" User-Agent="GITHUBACTIONS_DeployWebAppToAzure_fd9702ea3fe8155ad4a84186b65084bf29dffc105b3f2e4ac42e85d74547d18a" Authorization="Bea..." Content-Type="application/json; charset=utf-8" Cookie="ARRAffinity=ebc21dc3cf1bb718ed806f140e1147d405a92227736ffcd0c2c35e5d76b84dc6;Path=/;HttpOnly;Secure;Domain=options-scanner-frontend-2exk6s.scm.azurewebsites.net; ARRAffinitySameSite=ebc21dc3cf1bb718ed806f140e1147d405a92227736ffcd0c2c35e5d76b84dc6;Path=/;HttpOnly;SameSite=None;Secure;Domain=options-scanner-frontend-2exk6s.scm.azurewebsites.net" Content-Length="0" X-ARR-LOG-ID="902733f0-ff8d-4f7d-8d14-6b938ade3f51" CLIENT-IP="172.214.44.50:58386" X-SITE-DEPLOYMENT-ID="options-scanner-frontend-2exk6s" WAS-DEFAULT-HOSTNAME="options-scanner-frontend-2exk6s.scm.azurewebsites.net" X-Forwarded-Proto="https" X-AppService-Proto="https" X-Forwarded-TlsVersion="1.3" X-WAWS-Unencoded-URL="/api/deployments/latest?deployer=OneDeploy&amp;time=2026-02-14_04-21-08Z" X-Client-IP="172.214.44.50" X-Client-Port="58386" >
  <step title="Cleanup Xml Logs" date="2026-02-14T04:23:33.698" >
    <step title="Cleanup Infos" date="2026-02-14T04:23:33.867" totalFiles="288" totalCleanup="128" /><!-- duration: 38ms -->
  </step><!-- duration: 225ms -->
  <step title="DeploymentService.GetResult" date="2026-02-14T04:23:34.003" >
    <step title="DeploymentService.GetLatestDeployment" date="2026-02-14T04:23:34.062" >
      <step title="DeploymentManager.GetResults" date="2026-02-14T04:23:34.114" /><!-- duration: 1432ms -->
    </step><!-- duration: 1516ms -->
  </step><!-- duration: 1596ms -->
  <step title="Outgoing response" date="2026-02-14T04:23:35.609" type="response" statusCode="202" statusText="Accepted" /><!-- duration: 19ms -->
</step><!-- duration: 1969ms -->
