<step title="Incoming Request" date="2026-02-13T22:22:03.206" instance="ebc21d" url="/api/zipdeploy?isAsync=true" method="POST" type="request" pid="853,1,30" Accept="*/*" Host="options-scanner-frontend-2exk6s.scm.azurewebsites.net" User-Agent="AZURECLI/2.83.0 (MSI)" Accept-Encoding="gzip, deflate" Authorization="Bea..." Cache-Control="no-cache" Content-Type="application/octet-stream" Content-Length="886541" x-ms-client-request-id="6976f19e-092a-11f1-bfd1-84b1e26ffc70" x-ms-artifact-checksum="fa047adf3e454cc543819e4f28a6d91f143ecdbfca6ae6e9ceb94575e8299c01" X-ARR-LOG-ID="6976f19e-092a-11f1-bfd1-84b1e26ffc70" CLIENT-IP="50.47.242.5:50996" X-SITE-DEPLOYMENT-ID="options-scanner-frontend-2exk6s" WAS-DEFAULT-HOSTNAME="options-scanner-frontend-2exk6s.scm.azurewebsites.net" X-Forwarded-Proto="https" X-AppService-Proto="https" X-Forwarded-TlsVersion="1.3" X-WAWS-Unencoded-URL="/api/zipdeploy?isAsync=true" X-Client-IP="50.47.242.5" X-Client-Port="50996" >
  <step title="Cleanup Xml Logs" date="2026-02-13T22:22:03.247" /><!-- duration: 88ms -->
  <step title="ZipPushDeploy" date="2026-02-13T22:22:03.658" >
    <step title="ZipDeploy. Extract zip." date="2026-02-13T22:22:03.718" /><!-- duration: 20ms -->
    <step title="None repository commit" date="2026-02-13T22:22:03.786" >
      <step title="Commit id: 77efb871-f114-4939-a2d0-bb4d7a474a5b" date="2026-02-13T22:22:03.806" Message="N/A" AuthorName="N/A" AuthorEmail="N/A" /><!-- duration: 10ms -->
    </step><!-- duration: 40ms -->
    <step title="Starting PushDeployAsync" date="2026-02-13T22:22:03.837" /><!-- duration: 10ms -->
    <step title="Writing artifact to /tmp/zipdeploy/b649ef93-36f8-43f9-9a31-4c3a3c8c4456.zip" date="2026-02-13T22:22:03.963" >
      <step title="Writing multipart request body to /tmp/zipdeploy/b649ef93-36f8-43f9-9a31-4c3a3c8c4456.zip" date="2026-02-13T22:22:03.976" /><!-- duration: 43ms -->
    </step><!-- duration: 448ms -->
    <step title="Start deployment in the background" date="2026-02-13T22:22:04.476" >
      <step title="Acquiring Deployment Lock" date="2026-02-13T22:22:04.574" /><!-- duration: 29ms -->
      <step title="Acquired Deployment Lock" date="2026-02-13T22:22:04.794" /><!-- duration: 12ms -->
    </step><!-- duration: 803ms -->
  </step><!-- duration: 1692ms -->
  <step title="Outgoing response" date="2026-02-13T22:22:05.435" type="response" statusCode="202" statusText="Accepted" /><!-- duration: 111ms -->
</step><!-- duration: 2369ms -->
