<step title="Incoming Request" date="2026-02-14T04:03:17.065" instance="ebc21d" url="/api/deployments/latest?deployer=OneDeploy&amp;time=2026-02-14_04-00-42Z" method="GET" type="request" pid="853,1,5" Host="options-scanner-frontend-2exk6s.scm.azurewebsites.net" User-Agent="GITHUBACTIONS_DeployWebAppToAzure_fd9702ea3fe8155ad4a84186b65084bf29dffc105b3f2e4ac42e85d74547d18a" Authorization="Bea..." Content-Type="application/json; charset=utf-8" Cookie="ARRAffinity=ebc21dc3cf1bb718ed806f140e1147d405a92227736ffcd0c2c35e5d76b84dc6;Path=/;HttpOnly;Secure;Domain=options-scanner-frontend-2exk6s.scm.azurewebsites.net; ARRAffinitySameSite=ebc21dc3cf1bb718ed806f140e1147d405a92227736ffcd0c2c35e5d76b84dc6;Path=/;HttpOnly;SameSite=None;Secure;Domain=options-scanner-frontend-2exk6s.scm.azurewebsites.net" Content-Length="0" X-ARR-LOG-ID="622a8e84-9d72-4633-9917-786d456daac0" CLIENT-IP="172.184.175.148:60416" X-SITE-DEPLOYMENT-ID="options-scanner-frontend-2exk6s" WAS-DEFAULT-HOSTNAME="options-scanner-frontend-2exk6s.scm.azurewebsites.net" X-Forwarded-Proto="https" X-AppService-Proto="https" X-Forwarded-TlsVersion="1.3" X-WAWS-Unencoded-URL="/api/deployments/latest?deployer=OneDeploy&amp;time=2026-02-14_04-00-42Z" X-Client-IP="172.184.175.148" X-Client-Port="60416" >
  <step title="Cleanup Xml Logs" date="2026-02-14T04:03:17.085" >
    <step title="Cleanup Infos" date="2026-02-14T04:03:17.113" totalFiles="215" totalCleanup="55" /><!-- duration: 12ms -->
  </step><!-- duration: 43ms -->
  <step title="DeploymentService.GetResult" date="2026-02-14T04:03:17.153" >
    <step title="DeploymentService.GetLatestDeployment" date="2026-02-14T04:03:17.163" >
      <step title="DeploymentManager.GetResults" date="2026-02-14T04:03:17.172" /><!-- duration: 710ms -->
    </step><!-- duration: 730ms -->
  </step><!-- duration: 748ms -->
  <step title="Outgoing response" date="2026-02-14T04:03:17.912" type="response" statusCode="202" statusText="Accepted" /><!-- duration: 18ms -->
</step><!-- duration: 884ms -->
