<step title="Incoming Request" date="2026-02-14T04:25:42.795" instance="ebc21d" url="/api/deployments/latest?deployer=OneDeploy&amp;time=2026-02-14_04-21-08Z" method="GET" type="request" pid="852,1,28" Host="options-scanner-frontend-2exk6s.scm.azurewebsites.net" User-Agent="GITHUBACTIONS_DeployWebAppToAzure_fd9702ea3fe8155ad4a84186b65084bf29dffc105b3f2e4ac42e85d74547d18a" Authorization="Bea..." Content-Type="application/json; charset=utf-8" Cookie="ARRAffinity=ebc21dc3cf1bb718ed806f140e1147d405a92227736ffcd0c2c35e5d76b84dc6;Path=/;HttpOnly;Secure;Domain=options-scanner-frontend-2exk6s.scm.azurewebsites.net; ARRAffinitySameSite=ebc21dc3cf1bb718ed806f140e1147d405a92227736ffcd0c2c35e5d76b84dc6;Path=/;HttpOnly;SameSite=None;Secure;Domain=options-scanner-frontend-2exk6s.scm.azurewebsites.net" Content-Length="0" X-ARR-LOG-ID="d2581add-ac98-441c-acdc-be8085eff6e3" CLIENT-IP="172.214.44.50:58386" X-SITE-DEPLOYMENT-ID="options-scanner-frontend-2exk6s" WAS-DEFAULT-HOSTNAME="options-scanner-frontend-2exk6s.scm.azurewebsites.net" X-Forwarded-Proto="https" X-AppService-Proto="https" X-Forwarded-TlsVersion="1.3" X-WAWS-Unencoded-URL="/api/deployments/latest?deployer=OneDeploy&amp;time=2026-02-14_04-21-08Z" X-Client-IP="172.214.44.50" X-Client-Port="58386" >
  <step title="Cleanup Xml Logs" date="2026-02-14T04:25:42.815" >
    <step title="Cleanup Infos" date="2026-02-14T04:25:42.914" totalFiles="306" totalCleanup="146" /><!-- duration: 13ms -->
  </step><!-- duration: 138ms -->
  <step title="DeploymentService.GetResult" date="2026-02-14T04:25:43.006" >
    <step title="DeploymentService.GetLatestDeployment" date="2026-02-14T04:25:43.042" >
      <step title="DeploymentManager.GetResults" date="2026-02-14T04:25:43.062" /><!-- duration: 580ms -->
    </step><!-- duration: 610ms -->
  </step><!-- duration: 666ms -->
  <step title="Outgoing response" date="2026-02-14T04:25:43.708" type="response" statusCode="202" statusText="Accepted" /><!-- duration: 22ms -->
</step><!-- duration: 954ms -->
