<step title="Incoming Request" date="2026-02-14T06:05:02.538" instance="ebc21d" url="/api/deployments/latest?deployer=OneDeploy&amp;time=2026-02-14_05-55-38Z" method="GET" type="request" pid="852,1,66" Host="options-scanner-frontend-2exk6s.scm.azurewebsites.net" User-Agent="GITHUBACTIONS_DeployWebAppToAzure_fd9702ea3fe8155ad4a84186b65084bf29dffc105b3f2e4ac42e85d74547d18a" Authorization="Bea..." Content-Type="application/json; charset=utf-8" Cookie="ARRAffinity=ebc21dc3cf1bb718ed806f140e1147d405a92227736ffcd0c2c35e5d76b84dc6;Path=/;HttpOnly;Secure;Domain=options-scanner-frontend-2exk6s.scm.azurewebsites.net; ARRAffinitySameSite=ebc21dc3cf1bb718ed806f140e1147d405a92227736ffcd0c2c35e5d76b84dc6;Path=/;HttpOnly;SameSite=None;Secure;Domain=options-scanner-frontend-2exk6s.scm.azurewebsites.net" Content-Length="0" X-ARR-LOG-ID="e908259f-a64d-4421-ba45-0fa8f8336c90" CLIENT-IP="20.98.23.161:16392" X-SITE-DEPLOYMENT-ID="options-scanner-frontend-2exk6s" WAS-DEFAULT-HOSTNAME="options-scanner-frontend-2exk6s.scm.azurewebsites.net" X-Forwarded-Proto="https" X-AppService-Proto="https" X-Forwarded-TlsVersion="1.3" X-WAWS-Unencoded-URL="/api/deployments/latest?deployer=OneDeploy&amp;time=2026-02-14_05-55-38Z" X-Client-IP="20.98.23.161" X-Client-Port="16392" >
  <step title="Cleanup Xml Logs" date="2026-02-14T06:05:02.542" >
    <step title="Cleanup Infos" date="2026-02-14T06:05:02.619" totalFiles="420" totalCleanup="260" /><!-- duration: 59ms -->
  </step><!-- duration: 158ms -->
  <step title="DeploymentService.GetResult" date="2026-02-14T06:05:02.758" >
    <step title="DeploymentService.GetLatestDeployment" date="2026-02-14T06:05:02.796" >
      <step title="DeploymentManager.GetResults" date="2026-02-14T06:05:02.848" /><!-- duration: 945ms -->
    </step><!-- duration: 1013ms -->
  </step><!-- duration: 1056ms -->
  <step title="Outgoing response" date="2026-02-14T06:05:03.818" type="response" statusCode="202" statusText="Accepted" /><!-- duration: 7ms -->
</step><!-- duration: 1290ms -->
