<step title="Incoming Request" date="2026-02-14T06:17:25.982" instance="ebc21d" url="/api/deployments/latest?deployer=OneDeploy&amp;time=2026-02-14_06-14-00Z" method="GET" type="request" pid="851,1,18" Host="options-scanner-frontend-2exk6s.scm.azurewebsites.net" User-Agent="GITHUBACTIONS_DeployWebAppToAzure_fd9702ea3fe8155ad4a84186b65084bf29dffc105b3f2e4ac42e85d74547d18a" Authorization="Bea..." Content-Type="application/json; charset=utf-8" Cookie="ARRAffinity=ebc21dc3cf1bb718ed806f140e1147d405a92227736ffcd0c2c35e5d76b84dc6;Path=/;HttpOnly;Secure;Domain=options-scanner-frontend-2exk6s.scm.azurewebsites.net; ARRAffinitySameSite=ebc21dc3cf1bb718ed806f140e1147d405a92227736ffcd0c2c35e5d76b84dc6;Path=/;HttpOnly;SameSite=None;Secure;Domain=options-scanner-frontend-2exk6s.scm.azurewebsites.net" Content-Length="0" X-ARR-LOG-ID="07e1ba54-5af4-4abb-81d5-ee328f6fa586" CLIENT-IP="20.81.158.145:40968" X-SITE-DEPLOYMENT-ID="options-scanner-frontend-2exk6s" WAS-DEFAULT-HOSTNAME="options-scanner-frontend-2exk6s.scm.azurewebsites.net" X-Forwarded-Proto="https" X-AppService-Proto="https" X-Forwarded-TlsVersion="1.3" X-WAWS-Unencoded-URL="/api/deployments/latest?deployer=OneDeploy&amp;time=2026-02-14_06-14-00Z" X-Client-IP="20.81.158.145" X-Client-Port="40968" >
  <step title="Cleanup Xml Logs" date="2026-02-14T06:17:26.032" >
    <step title="Cleanup Infos" date="2026-02-14T06:17:26.163" totalFiles="460" totalCleanup="300" /><!-- duration: 67ms -->
  </step><!-- duration: 258ms -->
  <step title="DeploymentService.GetResult" date="2026-02-14T06:17:26.403" >
    <step title="DeploymentService.GetLatestDeployment" date="2026-02-14T06:17:26.439" >
      <step title="DeploymentManager.GetResults" date="2026-02-14T06:17:26.532" /><!-- duration: 2124ms -->
    </step><!-- duration: 2310ms -->
  </step><!-- duration: 2470ms -->
  <step title="Outgoing response" date="2026-02-14T06:17:29.073" type="response" statusCode="202" statusText="Accepted" /><!-- duration: 125ms -->
</step><!-- duration: 3326ms -->
