<step title="Incoming Request" date="2026-02-14T05:59:53.433" instance="ebc21d" url="/api/deployments/latest?deployer=OneDeploy&amp;time=2026-02-14_05-55-38Z" method="GET" type="request" pid="852,1,75" Host="options-scanner-frontend-2exk6s.scm.azurewebsites.net" User-Agent="GITHUBACTIONS_DeployWebAppToAzure_fd9702ea3fe8155ad4a84186b65084bf29dffc105b3f2e4ac42e85d74547d18a" Authorization="Bea..." Content-Type="application/json; charset=utf-8" Cookie="ARRAffinity=ebc21dc3cf1bb718ed806f140e1147d405a92227736ffcd0c2c35e5d76b84dc6;Path=/;HttpOnly;Secure;Domain=options-scanner-frontend-2exk6s.scm.azurewebsites.net; ARRAffinitySameSite=ebc21dc3cf1bb718ed806f140e1147d405a92227736ffcd0c2c35e5d76b84dc6;Path=/;HttpOnly;SameSite=None;Secure;Domain=options-scanner-frontend-2exk6s.scm.azurewebsites.net" Content-Length="0" X-ARR-LOG-ID="0af4924b-e716-47b1-8dbf-37e03e69fe80" CLIENT-IP="20.98.23.161:16394" X-SITE-DEPLOYMENT-ID="options-scanner-frontend-2exk6s" WAS-DEFAULT-HOSTNAME="options-scanner-frontend-2exk6s.scm.azurewebsites.net" X-Forwarded-Proto="https" X-AppService-Proto="https" X-Forwarded-TlsVersion="1.3" X-WAWS-Unencoded-URL="/api/deployments/latest?deployer=OneDeploy&amp;time=2026-02-14_05-55-38Z" X-Client-IP="20.98.23.161" X-Client-Port="16394" >
  <step title="Cleanup Xml Logs" date="2026-02-14T05:59:53.464" >
    <step title="Cleanup Infos" date="2026-02-14T05:59:53.615" totalFiles="375" totalCleanup="215" /><!-- duration: 58ms -->
  </step><!-- duration: 250ms -->
  <step title="DeploymentService.GetResult" date="2026-02-14T05:59:53.824" >
    <step title="DeploymentService.GetLatestDeployment" date="2026-02-14T05:59:53.863" >
      <step title="DeploymentManager.GetResults" date="2026-02-14T05:59:53.909" /><!-- duration: 1712ms -->
    </step><!-- duration: 1789ms -->
  </step><!-- duration: 1849ms -->
  <step title="Outgoing response" date="2026-02-14T05:59:55.692" type="response" statusCode="202" statusText="Accepted" /><!-- duration: 20ms -->
</step><!-- duration: 2297ms -->
