<step title="Incoming Request" date="2026-02-14T04:04:09.946" instance="ebc21d" url="/api/deployments/latest?deployer=OneDeploy&amp;time=2026-02-14_04-00-42Z" method="GET" type="request" pid="853,1,5" Host="options-scanner-frontend-2exk6s.scm.azurewebsites.net" User-Agent="GITHUBACTIONS_DeployWebAppToAzure_fd9702ea3fe8155ad4a84186b65084bf29dffc105b3f2e4ac42e85d74547d18a" Authorization="Bea..." Content-Type="application/json; charset=utf-8" Cookie="ARRAffinity=ebc21dc3cf1bb718ed806f140e1147d405a92227736ffcd0c2c35e5d76b84dc6;Path=/;HttpOnly;Secure;Domain=options-scanner-frontend-2exk6s.scm.azurewebsites.net; ARRAffinitySameSite=ebc21dc3cf1bb718ed806f140e1147d405a92227736ffcd0c2c35e5d76b84dc6;Path=/;HttpOnly;SameSite=None;Secure;Domain=options-scanner-frontend-2exk6s.scm.azurewebsites.net" Content-Length="0" X-ARR-LOG-ID="4787193b-5919-404d-9259-05c27d511bc5" CLIENT-IP="172.184.175.148:60416" X-SITE-DEPLOYMENT-ID="options-scanner-frontend-2exk6s" WAS-DEFAULT-HOSTNAME="options-scanner-frontend-2exk6s.scm.azurewebsites.net" X-Forwarded-Proto="https" X-AppService-Proto="https" X-Forwarded-TlsVersion="1.3" X-WAWS-Unencoded-URL="/api/deployments/latest?deployer=OneDeploy&amp;time=2026-02-14_04-00-42Z" X-Client-IP="172.184.175.148" X-Client-Port="60416" >
  <step title="Cleanup Xml Logs" date="2026-02-14T04:04:10.023" >
    <step title="Cleanup Infos" date="2026-02-14T04:04:10.284" totalFiles="223" totalCleanup="63" /><!-- duration: 93ms -->
  </step><!-- duration: 485ms -->
  <step title="DeploymentService.GetResult" date="2026-02-14T04:04:10.626" >
    <step title="DeploymentService.GetLatestDeployment" date="2026-02-14T04:04:10.708" >
      <step title="DeploymentManager.GetResults" date="2026-02-14T04:04:10.778" /><!-- duration: 1574ms -->
    </step><!-- duration: 1795ms -->
  </step><!-- duration: 1945ms -->
  <step title="Outgoing response" date="2026-02-14T04:04:12.624" type="response" statusCode="202" statusText="Accepted" /><!-- duration: 42ms -->
</step><!-- duration: 2757ms -->
