<step title="Incoming Request" date="2026-02-14T04:24:05.063" instance="ebc21d" url="/api/deployments/latest?deployer=OneDeploy&amp;time=2026-02-14_04-21-08Z" method="GET" type="request" pid="852,1,28" Host="options-scanner-frontend-2exk6s.scm.azurewebsites.net" User-Agent="GITHUBACTIONS_DeployWebAppToAzure_fd9702ea3fe8155ad4a84186b65084bf29dffc105b3f2e4ac42e85d74547d18a" Authorization="Bea..." Content-Type="application/json; charset=utf-8" Cookie="ARRAffinity=ebc21dc3cf1bb718ed806f140e1147d405a92227736ffcd0c2c35e5d76b84dc6;Path=/;HttpOnly;Secure;Domain=options-scanner-frontend-2exk6s.scm.azurewebsites.net; ARRAffinitySameSite=ebc21dc3cf1bb718ed806f140e1147d405a92227736ffcd0c2c35e5d76b84dc6;Path=/;HttpOnly;SameSite=None;Secure;Domain=options-scanner-frontend-2exk6s.scm.azurewebsites.net" Content-Length="0" X-ARR-LOG-ID="1e9f95b0-e8d2-41e0-8a97-7b41a17e5065" CLIENT-IP="172.214.44.50:58386" X-SITE-DEPLOYMENT-ID="options-scanner-frontend-2exk6s" WAS-DEFAULT-HOSTNAME="options-scanner-frontend-2exk6s.scm.azurewebsites.net" X-Forwarded-Proto="https" X-AppService-Proto="https" X-Forwarded-TlsVersion="1.3" X-WAWS-Unencoded-URL="/api/deployments/latest?deployer=OneDeploy&amp;time=2026-02-14_04-21-08Z" X-Client-IP="172.214.44.50" X-Client-Port="58386" >
  <step title="Cleanup Xml Logs" date="2026-02-14T04:24:05.133" >
    <step title="Cleanup Infos" date="2026-02-14T04:24:05.313" totalFiles="292" totalCleanup="132" /><!-- duration: 67ms -->
  </step><!-- duration: 353ms -->
  <step title="DeploymentService.GetResult" date="2026-02-14T04:24:05.596" >
    <step title="DeploymentService.GetLatestDeployment" date="2026-02-14T04:24:05.655" >
      <step title="DeploymentManager.GetResults" date="2026-02-14T04:24:05.717" /><!-- duration: 1646ms -->
    </step><!-- duration: 1727ms -->
  </step><!-- duration: 1816ms -->
  <step title="Outgoing response" date="2026-02-14T04:24:07.433" type="response" statusCode="202" statusText="Accepted" /><!-- duration: 37ms -->
</step><!-- duration: 2418ms -->
