﻿<?xml version="1.0" encoding="utf-8"?>
<deployment>
  <id>599ab16a-152d-45fb-b437-288516ec6ccf</id>
  <author>N/A</author>
  <deployer>OneDeploy</deployer>
  <authorEmail>N/A</authorEmail>
  <message>OneDeploy</message>
  <progress></progress>
  <status>Success</status>
  <statusText></statusText>
  <lastSuccessEndTime>2026-02-15T02:26:07.8610339Z</lastSuccessEndTime>
  <receivedTime>2026-02-15T02:26:04.8304967Z</receivedTime>
  <startTime>2026-02-15T02:26:06.2726342Z</startTime>
  <endTime>2026-02-15T02:26:07.8610339Z</endTime>
  <complete>True</complete>
  <is_temp>False</is_temp>
  <is_readonly>True</is_readonly>
  <containerId>8feaa0c1db35</containerId>
  <buildSummary />
</deployment>