<step title="Incoming Request" date="2026-02-14T06:13:59.256" instance="ebc21d" url="/api/publish?async=true&amp;deployer=GITHUB_ONE_DEPLOY&amp;type=zip&amp;message=%7B%22type%22%3A%22deployment%22%2C%22sha%22%3A%222f17db37aba6da626416a9655927f28e79248326%22%2C%22repoName%22%3A%22mkspwr12%2Foptions-scanner-frontend%22%2C%22actor%22%3A%22mkspwr12%22%2C%22slotName%22%3A%22production%22%2C%22commitMessage%22%3A%22Deploy%20standalone%20build%20output%20from%20CI%22%7D" method="POST" type="request" pid="851,1,22" Host="options-scanner-frontend-2exk6s.scm.azurewebsites.net" User-Agent="GITHUBACTIONS_DeployWebAppToAzure_fd9702ea3fe8155ad4a84186b65084bf29dffc105b3f2e4ac42e85d74547d18a" Authorization="Bea..." Content-Type="application/octet-stream" Cookie="ARRAffinity=ebc21dc3cf1bb718ed806f140e1147d405a92227736ffcd0c2c35e5d76b84dc6;Path=/;HttpOnly;Secure;Domain=options-scanner-frontend-2exk6s.scm.azurewebsites.net; ARRAffinitySameSite=ebc21dc3cf1bb718ed806f140e1147d405a92227736ffcd0c2c35e5d76b84dc6;Path=/;HttpOnly;SameSite=None;Secure;Domain=options-scanner-frontend-2exk6s.scm.azurewebsites.net" Transfer-Encoding="chunked" X-ARR-LOG-ID="451525c3-3d09-4456-913f-7b9ea6943537" CLIENT-IP="20.81.158.145:40968" X-SITE-DEPLOYMENT-ID="options-scanner-frontend-2exk6s" WAS-DEFAULT-HOSTNAME="options-scanner-frontend-2exk6s.scm.azurewebsites.net" X-Forwarded-Proto="https" X-AppService-Proto="https" X-Forwarded-TlsVersion="1.3" X-WAWS-Unencoded-URL="/api/publish?async=true&amp;deployer=GITHUB_ONE_DEPLOY&amp;type=zip&amp;message=%7B%22type%22%3A%22deployment%22%2C%22sha%22%3A%222f17db37aba6da626416a9655927f28e79248326%22%2C%22repoName%22%3A%22mkspwr12%2Foptions-scanner-frontend%22%2C%22actor%22%3A%22mkspwr12%22%2C%22slotName%22%3A%22production%22%2C%22commitMessage%22%3A%22Deploy%20standalone%20build%20output%20from%20CI%22%7D" X-Client-IP="20.81.158.145" X-Client-Port="40968" >
  <step title="OneDeploy" date="2026-02-14T06:13:59.552" >
    <step title="None repository commit" date="2026-02-14T06:13:59.604" >
      <step title="Commit id: 57cb6cde-e967-4c44-899f-2dd897f466ea" date="2026-02-14T06:13:59.643" Message="N/A" AuthorName="N/A" AuthorEmail="N/A" /><!-- duration: 20ms -->
    </step><!-- duration: 98ms -->
    <step title="Starting PushDeployAsync" date="2026-02-14T06:13:59.715" /><!-- duration: 10ms -->
    <step title="Removing sub node_modules symlink" date="2026-02-14T06:13:59.812" >
      <step title="Writing artifact to /tmp/zipdeploy/505f9623-8265-4f9b-85c1-d8fb89940b39.zip" date="2026-02-14T06:13:59.940" >
        <step title="Writing multipart request body to /tmp/zipdeploy/505f9623-8265-4f9b-85c1-d8fb89940b39.zip" date="2026-02-14T06:13:59.947" /><!-- duration: 26ms -->
      </step><!-- duration: 428ms -->
      <step title="Removing previous build artifact&apos;s manifest file" date="2026-02-14T06:14:00.437" >
        <step title="Start deployment in the background" date="2026-02-14T06:14:00.467" >
          <step title="Acquiring Deployment Lock" date="2026-02-14T06:14:00.556" /><!-- duration: 40ms -->
          <step title="Acquired Deployment Lock" date="2026-02-14T06:14:00.713" /><!-- duration: 11ms -->
        </step><!-- duration: 479ms -->
      </step><!-- duration: 530ms -->
      <step title="Outgoing response" date="2026-02-14T06:14:01.007" type="response" statusCode="202" statusText="Accepted" /><!-- duration: 7ms -->
    </step><!-- duration: 1213ms -->
