<step title="Incoming Request" date="2026-02-14T06:15:28.371" instance="ebc21d" url="/api/deployments/latest?deployer=OneDeploy&amp;time=2026-02-14_06-14-00Z" method="GET" type="request" pid="851,1,16" Host="options-scanner-frontend-2exk6s.scm.azurewebsites.net" User-Agent="GITHUBACTIONS_DeployWebAppToAzure_fd9702ea3fe8155ad4a84186b65084bf29dffc105b3f2e4ac42e85d74547d18a" Authorization="Bea..." Content-Type="application/json; charset=utf-8" Cookie="ARRAffinity=ebc21dc3cf1bb718ed806f140e1147d405a92227736ffcd0c2c35e5d76b84dc6;Path=/;HttpOnly;Secure;Domain=options-scanner-frontend-2exk6s.scm.azurewebsites.net; ARRAffinitySameSite=ebc21dc3cf1bb718ed806f140e1147d405a92227736ffcd0c2c35e5d76b84dc6;Path=/;HttpOnly;SameSite=None;Secure;Domain=options-scanner-frontend-2exk6s.scm.azurewebsites.net" Content-Length="0" X-ARR-LOG-ID="74d8e17a-8c1a-431a-99c5-461eb69b3697" CLIENT-IP="20.81.158.145:40970" X-SITE-DEPLOYMENT-ID="options-scanner-frontend-2exk6s" WAS-DEFAULT-HOSTNAME="options-scanner-frontend-2exk6s.scm.azurewebsites.net" X-Forwarded-Proto="https" X-AppService-Proto="https" X-Forwarded-TlsVersion="1.3" X-WAWS-Unencoded-URL="/api/deployments/latest?deployer=OneDeploy&amp;time=2026-02-14_06-14-00Z" X-Client-IP="20.81.158.145" X-Client-Port="40970" >
  <step title="Cleanup Xml Logs" date="2026-02-14T06:15:28.393" >
    <step title="Cleanup Infos" date="2026-02-14T06:15:28.511" totalFiles="445" totalCleanup="285" /><!-- duration: 87ms -->
  </step><!-- duration: 299ms -->
  <step title="DeploymentService.GetResult" date="2026-02-14T06:15:28.923" >
    <step title="DeploymentService.GetLatestDeployment" date="2026-02-14T06:15:28.951" >
      <step title="DeploymentManager.GetResults" date="2026-02-14T06:15:28.973" /><!-- duration: 3772ms -->
    </step><!-- duration: 3862ms -->
  </step><!-- duration: 4091ms -->
  <step title="Outgoing response" date="2026-02-14T06:15:33.074" type="response" statusCode="202" statusText="Accepted" /><!-- duration: 28ms -->
</step><!-- duration: 4752ms -->
