<step title="Incoming Request" date="2026-02-14T01:41:39.657" instance="ebc21d" url="/api/zipdeploy?isAsync=true" method="POST" type="request" pid="859,1,20" Accept="*/*" Host="options-scanner-frontend-2exk6s.scm.azurewebsites.net" User-Agent="AZURECLI/2.83.0 (MSI)" Accept-Encoding="gzip, deflate" Authorization="Bea..." Cache-Control="no-cache" Content-Type="application/octet-stream" Content-Length="887329" x-ms-client-request-id="4bbfc467-0946-11f1-aef1-84b1e26ffc70" x-ms-artifact-checksum="4ba098fe7ad2d7f47291313cc40ec86cb37aebf5209f4d7ee3b74d82d990d00e" X-ARR-LOG-ID="4bbfc467-0946-11f1-aef1-84b1e26ffc70" CLIENT-IP="50.47.242.5:59099" X-SITE-DEPLOYMENT-ID="options-scanner-frontend-2exk6s" WAS-DEFAULT-HOSTNAME="options-scanner-frontend-2exk6s.scm.azurewebsites.net" X-Forwarded-Proto="https" X-AppService-Proto="https" X-Forwarded-TlsVersion="1.3" X-WAWS-Unencoded-URL="/api/zipdeploy?isAsync=true" X-Client-IP="50.47.242.5" X-Client-Port="59099" >
  <step title="ZipPushDeploy" date="2026-02-14T01:41:40.958" >
    <step title="ZipDeploy. Extract zip. Remote build." date="2026-02-14T01:41:40.987" /><!-- duration: 7ms -->
    <step title="None repository commit" date="2026-02-14T01:41:41.008" >
      <step title="Commit id: 72fa0d7f-88dd-4b3b-b39e-9fbfdda7b2cd" date="2026-02-14T01:41:41.015" Message="N/A" AuthorName="N/A" AuthorEmail="N/A" /><!-- duration: 3ms -->
    </step><!-- duration: 13ms -->
    <step title="Starting PushDeployAsync" date="2026-02-14T01:41:41.025" /><!-- duration: 4ms -->
    <step title="Writing artifact to /tmp/zipdeploy/bb98e1be-e09d-4f56-ada0-ca6368bef085.zip" date="2026-02-14T01:41:41.072" >
      <step title="Writing multipart request body to /tmp/zipdeploy/bb98e1be-e09d-4f56-ada0-ca6368bef085.zip" date="2026-02-14T01:41:41.085" /><!-- duration: 5ms -->
    </step><!-- duration: 149ms -->
    <step title="Start deployment in the background" date="2026-02-14T01:41:41.270" >
      <step title="Acquiring Deployment Lock" date="2026-02-14T01:41:41.301" /><!-- duration: 12ms -->
      <step title="Acquired Deployment Lock" date="2026-02-14T01:41:41.546" /><!-- duration: 4ms -->
    </step><!-- duration: 470ms -->
  </step><!-- duration: 800ms -->
  <step title="Outgoing response" date="2026-02-14T01:41:41.809" type="response" statusCode="202" statusText="Accepted" /><!-- duration: 18ms -->
</step><!-- duration: 2174ms -->
