<step title="Incoming Request" date="2026-02-14T04:24:20.214" instance="ebc21d" url="/api/deployments/latest?deployer=OneDeploy&amp;time=2026-02-14_04-21-08Z" method="GET" type="request" pid="852,1,27" Host="options-scanner-frontend-2exk6s.scm.azurewebsites.net" User-Agent="GITHUBACTIONS_DeployWebAppToAzure_fd9702ea3fe8155ad4a84186b65084bf29dffc105b3f2e4ac42e85d74547d18a" Authorization="Bea..." Content-Type="application/json; charset=utf-8" Cookie="ARRAffinity=ebc21dc3cf1bb718ed806f140e1147d405a92227736ffcd0c2c35e5d76b84dc6;Path=/;HttpOnly;Secure;Domain=options-scanner-frontend-2exk6s.scm.azurewebsites.net; ARRAffinitySameSite=ebc21dc3cf1bb718ed806f140e1147d405a92227736ffcd0c2c35e5d76b84dc6;Path=/;HttpOnly;SameSite=None;Secure;Domain=options-scanner-frontend-2exk6s.scm.azurewebsites.net" Content-Length="0" X-ARR-LOG-ID="c15bf2e3-631e-43d1-baf6-82e9a42b0978" CLIENT-IP="172.214.44.50:58386" X-SITE-DEPLOYMENT-ID="options-scanner-frontend-2exk6s" WAS-DEFAULT-HOSTNAME="options-scanner-frontend-2exk6s.scm.azurewebsites.net" X-Forwarded-Proto="https" X-AppService-Proto="https" X-Forwarded-TlsVersion="1.3" X-WAWS-Unencoded-URL="/api/deployments/latest?deployer=OneDeploy&amp;time=2026-02-14_04-21-08Z" X-Client-IP="172.214.44.50" X-Client-Port="58386" >
  <step title="Cleanup Xml Logs" date="2026-02-14T04:24:20.257" >
    <step title="Cleanup Infos" date="2026-02-14T04:24:20.366" totalFiles="294" totalCleanup="134" /><!-- duration: 30ms -->
  </step><!-- duration: 149ms -->
  <step title="DeploymentService.GetResult" date="2026-02-14T04:24:20.477" >
    <step title="DeploymentService.GetLatestDeployment" date="2026-02-14T04:24:20.496" >
      <step title="DeploymentManager.GetResults" date="2026-02-14T04:24:20.516" /><!-- duration: 1420ms -->
    </step><!-- duration: 1486ms -->
  </step><!-- duration: 1555ms -->
  <step title="Outgoing response" date="2026-02-14T04:24:22.113" type="response" statusCode="202" statusText="Accepted" /><!-- duration: 82ms -->
</step><!-- duration: 1990ms -->
