<step title="Incoming Request" date="2026-02-14T06:19:45.633" instance="ebc21d" url="/api/publish?async=true&amp;deployer=GITHUB_ONE_DEPLOY&amp;type=zip&amp;message=%7B%22type%22%3A%22deployment%22%2C%22sha%22%3A%22f0ddb2adb4154fbb5fb851cb3e7834be7ad97c22%22%2C%22repoName%22%3A%22mkspwr12%2Foptions-scanner-frontend%22%2C%22actor%22%3A%22mkspwr12%22%2C%22slotName%22%3A%22production%22%2C%22commitMessage%22%3A%22Add%20Next.js%20build%20cache%20for%20faster%20CI%22%7D" method="POST" type="request" pid="851,1,20" Host="options-scanner-frontend-2exk6s.scm.azurewebsites.net" User-Agent="GITHUBACTIONS_DeployWebAppToAzure_fd9702ea3fe8155ad4a84186b65084bf29dffc105b3f2e4ac42e85d74547d18a" Authorization="Bea..." Content-Type="application/octet-stream" Cookie="ARRAffinity=ebc21dc3cf1bb718ed806f140e1147d405a92227736ffcd0c2c35e5d76b84dc6;Path=/;HttpOnly;Secure;Domain=options-scanner-frontend-2exk6s.scm.azurewebsites.net; ARRAffinitySameSite=ebc21dc3cf1bb718ed806f140e1147d405a92227736ffcd0c2c35e5d76b84dc6;Path=/;HttpOnly;SameSite=None;Secure;Domain=options-scanner-frontend-2exk6s.scm.azurewebsites.net" Transfer-Encoding="chunked" X-ARR-LOG-ID="cc919a79-b4f5-4204-b965-59c22994ab0a" CLIENT-IP="64.236.177.97:49160" X-SITE-DEPLOYMENT-ID="options-scanner-frontend-2exk6s" WAS-DEFAULT-HOSTNAME="options-scanner-frontend-2exk6s.scm.azurewebsites.net" X-Forwarded-Proto="https" X-AppService-Proto="https" X-Forwarded-TlsVersion="1.3" X-WAWS-Unencoded-URL="/api/publish?async=true&amp;deployer=GITHUB_ONE_DEPLOY&amp;type=zip&amp;message=%7B%22type%22%3A%22deployment%22%2C%22sha%22%3A%22f0ddb2adb4154fbb5fb851cb3e7834be7ad97c22%22%2C%22repoName%22%3A%22mkspwr12%2Foptions-scanner-frontend%22%2C%22actor%22%3A%22mkspwr12%22%2C%22slotName%22%3A%22production%22%2C%22commitMessage%22%3A%22Add%20Next.js%20build%20cache%20for%20faster%20CI%22%7D" X-Client-IP="64.236.177.97" X-Client-Port="49160" >
  <step title="OneDeploy" date="2026-02-14T06:19:45.885" >
    <step title="Starting PushDeployAsync" date="2026-02-14T06:19:46.019" /><!-- duration: 59ms -->
    <step title="Writing artifact to /tmp/zipdeploy/95b4c884-efaa-47e0-b4aa-a0d1b477da18.zip" date="2026-02-14T06:19:46.269" >
      <step title="Writing multipart request body to /tmp/zipdeploy/95b4c884-efaa-47e0-b4aa-a0d1b477da18.zip" date="2026-02-14T06:19:46.298" /><!-- duration: 58ms -->
    </step><!-- duration: 947ms -->
    <step title="Start deployment in the background" date="2026-02-14T06:19:47.509" >
      <step title="Acquiring Deployment Lock" date="2026-02-14T06:19:48.596" /><!-- duration: 119ms -->
      <step title="Acquired Deployment Lock" date="2026-02-14T06:19:48.929" /><!-- duration: 10ms -->
    </step><!-- duration: 1760ms -->
  </step><!-- duration: 3614ms -->
  <step title="Outgoing response" date="2026-02-14T06:19:49.537" type="response" statusCode="202" statusText="Accepted" /><!-- duration: 157ms -->
</step><!-- duration: 4243ms -->
