<step title="Incoming Request" date="2026-02-14T04:04:41.074" instance="ebc21d" url="/api/deployments/latest?deployer=OneDeploy&amp;time=2026-02-14_04-00-42Z" method="GET" type="request" pid="853,1,22" Host="options-scanner-frontend-2exk6s.scm.azurewebsites.net" User-Agent="GITHUBACTIONS_DeployWebAppToAzure_fd9702ea3fe8155ad4a84186b65084bf29dffc105b3f2e4ac42e85d74547d18a" Authorization="Bea..." Content-Type="application/json; charset=utf-8" Cookie="ARRAffinity=ebc21dc3cf1bb718ed806f140e1147d405a92227736ffcd0c2c35e5d76b84dc6;Path=/;HttpOnly;Secure;Domain=options-scanner-frontend-2exk6s.scm.azurewebsites.net; ARRAffinitySameSite=ebc21dc3cf1bb718ed806f140e1147d405a92227736ffcd0c2c35e5d76b84dc6;Path=/;HttpOnly;SameSite=None;Secure;Domain=options-scanner-frontend-2exk6s.scm.azurewebsites.net" Content-Length="0" X-ARR-LOG-ID="6518c6ae-daa3-4095-9deb-6457b174c0a4" CLIENT-IP="172.184.175.148:60416" X-SITE-DEPLOYMENT-ID="options-scanner-frontend-2exk6s" WAS-DEFAULT-HOSTNAME="options-scanner-frontend-2exk6s.scm.azurewebsites.net" X-Forwarded-Proto="https" X-AppService-Proto="https" X-Forwarded-TlsVersion="1.3" X-WAWS-Unencoded-URL="/api/deployments/latest?deployer=OneDeploy&amp;time=2026-02-14_04-00-42Z" X-Client-IP="172.184.175.148" X-Client-Port="60416" >
  <step title="Cleanup Xml Logs" date="2026-02-14T04:04:41.096" >
    <step title="Cleanup Infos" date="2026-02-14T04:04:41.187" totalFiles="227" totalCleanup="67" /><!-- duration: 87ms -->
  </step><!-- duration: 225ms -->
  <step title="DeploymentService.GetResult" date="2026-02-14T04:04:41.439" >
    <step title="DeploymentService.GetLatestDeployment" date="2026-02-14T04:04:41.508" >
      <step title="DeploymentManager.GetResults" date="2026-02-14T04:04:41.542" /><!-- duration: 1098ms -->
    </step><!-- duration: 1159ms -->
  </step><!-- duration: 1248ms -->
  <step title="Outgoing response" date="2026-02-14T04:04:42.708" type="response" statusCode="202" statusText="Accepted" /><!-- duration: 29ms -->
</step><!-- duration: 1682ms -->
