<step title="Incoming Request" date="2026-02-14T06:17:10.069" instance="ebc21d" url="/api/deployments/latest?deployer=OneDeploy&amp;time=2026-02-14_06-14-00Z" method="GET" type="request" pid="851,1,21" Host="options-scanner-frontend-2exk6s.scm.azurewebsites.net" User-Agent="GITHUBACTIONS_DeployWebAppToAzure_fd9702ea3fe8155ad4a84186b65084bf29dffc105b3f2e4ac42e85d74547d18a" Authorization="Bea..." Content-Type="application/json; charset=utf-8" Cookie="ARRAffinity=ebc21dc3cf1bb718ed806f140e1147d405a92227736ffcd0c2c35e5d76b84dc6;Path=/;HttpOnly;Secure;Domain=options-scanner-frontend-2exk6s.scm.azurewebsites.net; ARRAffinitySameSite=ebc21dc3cf1bb718ed806f140e1147d405a92227736ffcd0c2c35e5d76b84dc6;Path=/;HttpOnly;SameSite=None;Secure;Domain=options-scanner-frontend-2exk6s.scm.azurewebsites.net" Content-Length="0" X-ARR-LOG-ID="f0cf5f59-af60-46c9-ad97-2abe32713d76" CLIENT-IP="20.81.158.145:40968" X-SITE-DEPLOYMENT-ID="options-scanner-frontend-2exk6s" WAS-DEFAULT-HOSTNAME="options-scanner-frontend-2exk6s.scm.azurewebsites.net" X-Forwarded-Proto="https" X-AppService-Proto="https" X-Forwarded-TlsVersion="1.3" X-WAWS-Unencoded-URL="/api/deployments/latest?deployer=OneDeploy&amp;time=2026-02-14_06-14-00Z" X-Client-IP="20.81.158.145" X-Client-Port="40968" >
  <step title="Cleanup Xml Logs" date="2026-02-14T06:17:10.079" >
    <step title="Cleanup Infos" date="2026-02-14T06:17:10.199" totalFiles="458" totalCleanup="298" /><!-- duration: 42ms -->
  </step><!-- duration: 181ms -->
  <step title="DeploymentService.GetResult" date="2026-02-14T06:17:10.312" >
    <step title="DeploymentService.GetLatestDeployment" date="2026-02-14T06:17:10.332" >
      <step title="DeploymentManager.GetResults" date="2026-02-14T06:17:10.339" /><!-- duration: 1912ms -->
    </step><!-- duration: 1949ms -->
  </step><!-- duration: 1988ms -->
  <step title="Outgoing response" date="2026-02-14T06:17:12.350" type="response" statusCode="202" statusText="Accepted" /><!-- duration: 52ms -->
</step><!-- duration: 2391ms -->
