<step title="Incoming Request" date="2026-02-14T04:23:40.983" instance="ebc21d" url="/api/deployments/latest?deployer=OneDeploy&amp;time=2026-02-14_04-21-08Z" method="GET" type="request" pid="852,1,28" Host="options-scanner-frontend-2exk6s.scm.azurewebsites.net" User-Agent="GITHUBACTIONS_DeployWebAppToAzure_fd9702ea3fe8155ad4a84186b65084bf29dffc105b3f2e4ac42e85d74547d18a" Authorization="Bea..." Content-Type="application/json; charset=utf-8" Cookie="ARRAffinity=ebc21dc3cf1bb718ed806f140e1147d405a92227736ffcd0c2c35e5d76b84dc6;Path=/;HttpOnly;Secure;Domain=options-scanner-frontend-2exk6s.scm.azurewebsites.net; ARRAffinitySameSite=ebc21dc3cf1bb718ed806f140e1147d405a92227736ffcd0c2c35e5d76b84dc6;Path=/;HttpOnly;SameSite=None;Secure;Domain=options-scanner-frontend-2exk6s.scm.azurewebsites.net" Content-Length="0" X-ARR-LOG-ID="5daaaaff-c1be-471f-b9ca-b01840c70662" CLIENT-IP="172.214.44.50:58384" X-SITE-DEPLOYMENT-ID="options-scanner-frontend-2exk6s" WAS-DEFAULT-HOSTNAME="options-scanner-frontend-2exk6s.scm.azurewebsites.net" X-Forwarded-Proto="https" X-AppService-Proto="https" X-Forwarded-TlsVersion="1.3" X-WAWS-Unencoded-URL="/api/deployments/latest?deployer=OneDeploy&amp;time=2026-02-14_04-21-08Z" X-Client-IP="172.214.44.50" X-Client-Port="58384" >
  <step title="Cleanup Xml Logs" date="2026-02-14T04:23:40.992" >
    <step title="Cleanup Infos" date="2026-02-14T04:23:41.126" totalFiles="289" totalCleanup="129" /><!-- duration: 130ms -->
  </step><!-- duration: 344ms -->
  <step title="DeploymentService.GetResult" date="2026-02-14T04:23:41.426" >
    <step title="DeploymentService.GetLatestDeployment" date="2026-02-14T04:23:41.450" >
      <step title="DeploymentManager.GetResults" date="2026-02-14T04:23:41.472" /><!-- duration: 1080ms -->
    </step><!-- duration: 1123ms -->
  </step><!-- duration: 1195ms -->
  <step title="Outgoing response" date="2026-02-14T04:23:42.735" type="response" statusCode="202" statusText="Accepted" /><!-- duration: 37ms -->
</step><!-- duration: 1802ms -->
