<step title="Incoming Request" date="2026-02-14T01:46:43.569" instance="ebc21d" url="/api/zipdeploy?isAsync=true" method="POST" type="request" pid="859,1,14" Accept="*/*" Host="options-scanner-frontend-2exk6s.scm.azurewebsites.net" User-Agent="AZURECLI/2.83.0 (MSI)" Accept-Encoding="gzip, deflate" Authorization="Bea..." Cache-Control="no-cache" Content-Type="application/octet-stream" Content-Length="887343" x-ms-client-request-id="0077b1f2-0947-11f1-88ab-84b1e26ffc70" x-ms-artifact-checksum="4f56cface66da4e49b01b541dcccaccd7684e2ed4eee4fb865bc4ed14ddffa25" X-ARR-LOG-ID="0077b1f2-0947-11f1-88ab-84b1e26ffc70" CLIENT-IP="50.47.242.5:55421" X-SITE-DEPLOYMENT-ID="options-scanner-frontend-2exk6s" WAS-DEFAULT-HOSTNAME="options-scanner-frontend-2exk6s.scm.azurewebsites.net" X-Forwarded-Proto="https" X-AppService-Proto="https" X-Forwarded-TlsVersion="1.3" X-WAWS-Unencoded-URL="/api/zipdeploy?isAsync=true" X-Client-IP="50.47.242.5" X-Client-Port="55421" >
  <step title="Cleanup Xml Logs" date="2026-02-14T01:46:43.575" /><!-- duration: 18ms -->
  <step title="ZipPushDeploy" date="2026-02-14T01:46:43.703" >
    <step title="ZipDeploy. Extract zip. Remote build." date="2026-02-14T01:46:43.774" /><!-- duration: 17ms -->
    <step title="Starting PushDeployAsync" date="2026-02-14T01:46:43.813" /><!-- duration: 10ms -->
    <step title="Writing artifact to /tmp/zipdeploy/be0b75a7-0e84-4072-aa6a-c5e53dfe4f75.zip" date="2026-02-14T01:46:43.913" >
      <step title="Writing multipart request body to /tmp/zipdeploy/be0b75a7-0e84-4072-aa6a-c5e53dfe4f75.zip" date="2026-02-14T01:46:43.933" /><!-- duration: 30ms -->
    </step><!-- duration: 110ms -->
    <step title="Removing previous build artifact&apos;s manifest file" date="2026-02-14T01:46:44.038" >
      <step title="Start deployment in the background" date="2026-02-14T01:46:44.080" >
        <step title="Acquiring Deployment Lock" date="2026-02-14T01:46:44.129" /><!-- duration: 5ms -->
        <step title="Acquired Deployment Lock" date="2026-02-14T01:46:44.210" /><!-- duration: 30ms -->
      </step><!-- duration: 320ms -->
    </step><!-- duration: 368ms -->
    <step title="Outgoing response" date="2026-02-14T01:46:44.410" type="response" statusCode="202" statusText="Accepted" /><!-- duration: 10ms -->
  </step><!-- duration: 728ms -->
