<step title="BackgroundTrace" date="2026-02-14T02:17:21.210" instance="ebc21d" url="/api/zipdeploy" method="POST" >
  <step title="Creating temporary deployment - FetchDeploymentManager" date="2026-02-14T02:17:21.881" /><!-- duration: 30ms -->
  <step title="Creating temporary deployment" date="2026-02-14T02:17:21.934" /><!-- duration: 106ms -->
  <step title="Performing fetch based deployment" date="2026-02-14T02:17:22.189" >
    <step title="Cleaning up temp folders from previous zip deployments and extracting pushed zip file /tmp/zipdeploy/5b633a2e-46c6-4f06-84e2-abf8d602fd59.zip (0.85 MB) to /tmp/zipdeploy/extracted" date="2026-02-14T02:17:23.794" >
      <step title="ChmodRecursive Process exited with total time taken in ms: 222" date="2026-02-14T02:17:24.351" /><!-- duration: 67ms -->
    </step><!-- duration: 722ms -->
    <step title="Deployment timer started" date="2026-02-14T02:17:26.586" >
      <step title="DeploymentManager.Deploy(id:4e890a5f-ef1b-4627-86be-d91a49866e57)" date="2026-02-14T02:17:26.598" >
        <step title="Collecting changeset information" date="2026-02-14T02:17:26.691" /><!-- duration: 440ms -->
        <step title="Updating submodules" date="2026-02-14T02:17:27.144" /><!-- duration: 1211ms -->
        <step title="Determining deployment builder" date="2026-02-14T02:17:28.690" >
          <step title="Builder is OryxBuilder" date="2026-02-14T02:17:28.723" /><!-- duration: 17ms -->
        </step><!-- duration: 62ms -->
        <step title="PreDeployment: context.CleanOutputPath False" date="2026-02-14T02:17:28.916" >
          <step title="PreDeployment: context.OutputPath /home/site/wwwroot" date="2026-02-14T02:17:29.115" >
            <step title="Building" date="2026-02-14T02:17:29.358" >
              <step title="Executing external process" date="2026-02-14T02:17:29.873" type="process" path="bash" arguments="-c &quot;oryx build /tmp/zipdeploy/extracted -o /home/site/wwwroot --platform nodejs --platform-version 24 -p virtualenv_name= --log-file /tmp/build-debug.log  -i /tmp/8de6b6f33cea334 -p compress_node_modules=tar-gz | tee /tmp/oryx-build.log ; exit $PIPESTATUS &quot;" /><!-- duration: 21271ms -->
              <step title="Using GenericDeploymentLogParser" date="2026-02-14T02:17:51.539" /><!-- duration: 10ms -->
              <step title="Triggering recycle (preview mode disabled)." date="2026-02-14T02:17:52.967" /><!-- duration: 3ms -->
              <step title="Modified file to trigger a restart of the app container." date="2026-02-14T02:17:53.017" /><!-- duration: 4ms -->
              <step title="Skip function trigger and logicapp sync because function is not enabled." date="2026-02-14T02:17:53.046" /><!-- duration: 10ms -->
            </step><!-- duration: 25542ms -->
          </step><!-- duration: 25931ms -->
          <step title="Cleaning up temp files" date="2026-02-14T02:17:55.135" /><!-- duration: 532ms -->
          <step title="Cleaning up temp files" date="2026-02-14T02:17:55.694" /><!-- duration: 528ms -->
          <step title="Reloading status file with latest updates" date="2026-02-14T02:17:56.418" >
            <step title="WebHooksManager.PublishEventAsync: PostDeployment" date="2026-02-14T02:17:56.448" /><!-- duration: 140ms -->
          </step><!-- duration: 192ms -->
          <step title="Cleaning up temporary deployment - fetch deployment was successful" date="2026-02-14T02:17:56.652" /><!-- duration: 30ms -->
        </step><!-- duration: 28027ms -->
      </step><!-- duration: 30610ms -->
